transaction_id,client_id,session_id,conversion_timestamp,event_date,revenue,item_count,user_email_hash,traffic_source,traffic_medium,traffic_campaign,marketing_channel,page_url
ORD-20250226-138,16C594DF-8deb-4DAB-b767-efc3b82360e6,16C594DF-8deb-4DAB-b767-efc3b82360e6_1,2025-02-26 22:46:57.087000+00:00,2025-02-26,1599.0,1,b750ced34cabfc0e,direct,none,,Direct,https://checkout.puffy.com/checkouts/ac/Z2NwLXVzLXdlc3QxOjAxSk1ZN0JIUVhLMkNCUkRIVkJKR0JOU1hQ/thank-you
ORD-20250223-124,1735590428-Rw8e53NUAyqh,1735590428-Rw8e53NUAyqh_1,2025-02-23 11:01:15.499000+00:00,2025-02-23,179.0,1,fefb43af6b967147,direct,none,,Direct,https://checkout.puffy.com/checkouts/cn/Z2NwLXVzLWVhc3QxOjAxSk1TNzlQM0tCQThKWDkzVkpIQ1Y5S1hE/thank-you
ORD-20250227-567,1735611495-J_n2T1HK7vPv,1735611495-J_n2T1HK7vPv_2,2025-02-27 00:34:23.765000+00:00,2025-02-27,1899.0,1,026619d241897d46,internal,internal,,Internal,https://checkout.puffy.com/checkouts/cn/Z2NwLXVzLWVhc3QxOjAxSk4yQ1IxMlNaVlRYVjZOVkpSNVBEODNI/thank-you
ORD-20250303-311,1735913255-pA-h3CMo96w0,1735913255-pA-h3CMo96w0_1,2025-03-03 17:42:24.012000+00:00,2025-03-03,1599.0,1,1176eeadf60ade35,affiliate,referral,,Affiliate,https://checkout.puffy.com/checkouts/cn/Z2NwLXVzLWVhc3QxOjAxSk5FN0VOSzYyNUNRTUFZWUhHQjNaS1NW/thank-you
ORD-20250228-150,1736048074-aDVs3Y9A_D_y,1736048074-aDVs3Y9A_D_y_1,2025-02-28 13:55:33.505000+00:00,2025-02-28,1449.0,1,5ba668bc3d575237,internal,internal,,Internal,https://checkout.puffy.com/checkouts/cn/Z2NwLXVzLWVhc3QxOjAxSk42RDBKWllXU0JLQkRNMFozMFQ5WTkw/thank-you
ORD-20250303-461,1736137782-qnlIPdOzIMIV,1736137782-qnlIPdOzIMIV_2,2025-03-03 04:24:13.773000+00:00,2025-03-03,262.0,1,1628095383d5b062,internal,internal,,Internal,https://checkout.puffy.com/checkouts/cn/Z2NwLXVzLWVhc3QxOjAxSk5EM1dLVFZSRUpWNjlQTlQ2RTcxWVhE/thank-you
ORD-20250224-231,1736790828-mW3_FOMhXHNK,1736790828-mW3_FOMhXHNK_1,2025-02-24 13:57:51.139000+00:00,2025-02-24,1349.0,1,7f75728adf92dd1f,direct,none,,Direct,https://checkout.puffy.com/checkouts/cn/Z2NwLXVzLWVhc3QxOjAxSk1XM1RXVjlXM0Y0MEpWUDFORkpKOVJQ/thank-you
ORD-20250225-168,1736790828-mW3_FOMhXHNK,1736790828-mW3_FOMhXHNK_2,2025-02-25 14:40:29.060000+00:00,2025-02-25,307.0,2,7f75728adf92dd1f,direct,none,,Direct,https://checkout.puffy.com/checkouts/cn/Z2NwLXVzLWVhc3QxOjAxSk1ZUlFXSDM5UjdTNlozVjZNOVlYRDhH/thank-you
ORD-20250225-783,1737213027-8b0K2x6ACOek,1737213027-8b0K2x6ACOek_1,2025-02-25 21:18:40.823000+00:00,2025-02-25,899.0,1,2625baac9cb27540,direct,none,,Direct,https://checkout.puffy.com/checkouts/cn/Z2NwLXVzLXdlc3QxOjAxSk1aRkc3RzdTOEZFRVg4SldFUFg4QVM4/thank-you
ORD-20250306-159,1737221798-dp1kMRfVStrp,1737221798-dp1kMRfVStrp_6,2025-03-06 00:01:10.942000+00:00,2025-03-06,229.0,1,77f5e2ee2cec6148,direct,none,,Direct,https://checkout.puffy.com/checkouts/cn/Z2NwLXVzLWVhc3QxOjAxSk5NQlBXN05IMTlNQ0pUMzhRWUREN005/thank-you
ORD-20250303-351,1737382881-hEun5tD7Ri_v,1737382881-hEun5tD7Ri_v_3,2025-03-03 14:37:41.183000+00:00,2025-03-03,179.0,1,16ce7543271457d6,direct,none,,Direct,https://checkout.puffy.com/checkouts/cn/Z2NwLXVzLWVhc3QxOjAxSk5FNldKRTJGWFJDR1FLQU0zU01QVkZa/thank-you
ORD-20250301-229,1737588711-y19MZTLwAlS_,1737588711-y19MZTLwAlS__1,2025-03-01 00:15:22.719000+00:00,2025-03-01,349.0,1,9eec8595df3d21f9,direct,none,,Direct,https://checkout.puffy.com/checkouts/cn/Z2NwLXVzLWVhc3QxOjAxSk43RlowS1ozUzVLRUdGU0ZFSjU0VktB/thank-you
ORD-20250223-823,1737909439-m_4_M4HT3Clc,1737909439-m_4_M4HT3Clc_1,2025-02-23 20:00:44.784000+00:00,2025-02-23,204.0,1,2bb774ba317c03a1,direct,none,,Direct,https://checkout.puffy.com/checkouts/cn/Z2NwLXVzLWVhc3QxOjAxSk1UNjY2ODI5SkJIR0hOOU1XQlZEU1Q2/thank-you
ORD-20250228-388,1738009852-5QlHRCUAcC8Q,1738009852-5QlHRCUAcC8Q_1,2025-02-28 13:54:26.922000+00:00,2025-02-28,2654.0,2,37a81c079222230f,internal,internal,,Internal,https://checkout.puffy.com/checkouts/cn/Z2NwLXVzLWVhc3QxOjAxSk42Q1pCU1I3UFhUOFJYWlpISDRHUTRE/thank-you
ORD-20250223-250,1738114715-VE0OVI-6MY_q,1738114715-VE0OVI-6MY_q_1,2025-02-23 02:21:03.443000+00:00,2025-02-23,1277.0,2,73ea3e236d34b8ae,affiliate,referral,,Affiliate,https://checkout.puffy.com/checkouts/cn/Z2NwLXVzLWVhc3QxOjAxSk1SOUJYOVA1QVQ4UTBXRktRWTMzWlM4/thank-you
ORD-20250225-265,1738458171-9vJJikpUTOb1,1738458171-9vJJikpUTOb1_2,2025-02-25 22:23:34.816000+00:00,2025-02-25,262.0,1,b2e2c78d2d945248,direct,none,,Direct,https://checkout.puffy.com/checkouts/cn/Z2NwLXVzLWVhc3QxOjAxSk1aSzZBNVQxUFhGNjdZTVc1V1BXVkUz/thank-you
ORD-20250308-307,1738717293-A8SGrDCUzoxx,1738717293-A8SGrDCUzoxx_4,2025-03-08 23:25:23.260000+00:00,2025-03-08,1049.0,1,5a982c01e28ded03,direct,none,,Direct,https://checkout.puffy.com/checkouts/cn/Z2NwLXVzLWVhc3QxOjAxSk5XMEtZSzc1VDlOSEJDOVNQMFlBMUFD/thank-you
ORD-20250223-668,1738897592-wHdPs3e8dycN,1738897592-wHdPs3e8dycN_1,2025-02-23 16:33:13.884000+00:00,2025-02-23,262.0,1,b06c18e707fde89b,internal,internal,,Internal,https://checkout.puffy.com/checkouts/cn/Z2NwLXVzLXdlc3QxOjAxSk1TUlJLR1ZQWkE5WFI2UzE2NzhKQkNS/thank-you
ORD-20250228-318,1738964752-g2l-ElXufGyB,1738964752-g2l-ElXufGyB_1,2025-02-28 19:00:44.532000+00:00,2025-02-28,0.0,1,f6c3745ecc50069b,internal,internal,,Internal,https://checkout.puffy.com/checkouts/cn/Z2NwLXVzLXdlc3QxOjAxSk42WE5LNFk5OEtOWEFCRVZQM0dYTVBX/thank-you
ORD-20250306-685,1738964752-g2l-ElXufGyB,1738964752-g2l-ElXufGyB_2,2025-03-06 20:50:22.674000+00:00,2025-03-06,0.0,1,f6c3745ecc50069b,direct,none,,Direct,https://checkout.puffy.com/checkouts/cn/Z2NwLXVzLXdlc3QxOjAxSk5QS0RUWVFBRlFFOFZLVFE1NEhDVzFB/thank-you
ORD-20250228-293,1738979354-oafNfBd0b1z2,1738979354-oafNfBd0b1z2_2,2025-02-28 23:33:51.414000+00:00,2025-02-28,102.0,1,fc6676209b55c3ff,direct,none,,Direct,https://checkout.puffy.com/checkouts/cn/Z2NwLXVzLWVhc3QxOjAxSk43RUcxNlRGRE5IUk5ZN1gwOE5QV0Q3/thank-you
ORD-20250306-280,1739042523-0dWy0onVklGz,1739042523-0dWy0onVklGz_4,2025-03-06 10:41:10.416000+00:00,2025-03-06,2618.0,2,4d62a7becef7b134,direct,none,,Direct,https://checkout.puffy.com/checkouts/cn/Z2NwLXVzLWVhc3QxOjAxSk5ORkdTS0RQRjJWWFZYNUI0N0pYRURE/thank-you
ORD-20250308-435,1739118999-f2iFqbh8JCVu,1739118999-f2iFqbh8JCVu_2,2025-03-08 03:47:16.745000+00:00,2025-03-08,2648.0,1,589e8036ac0d9cfa,direct,none,,Direct,https://checkout.puffy.com/checkouts/cn/Z2NwLXVzLWVhc3QxOjAxSk5TWEtGMFdRS1laR0hRTVYxQUZTTTZa/thank-you
ORD-20250226-142,1739169598-7sjOuU60Y6Eo,1739169598-7sjOuU60Y6Eo_3,2025-02-26 07:25:37.872000+00:00,2025-02-26,1427.0,2,773734207e2c219c,internal,internal,,Internal,https://checkout.puffy.com/checkouts/cn/Z2NwLXVzLWVhc3QxOjAxSk4wNzA2WkM2WTVSREMxSjNXQTlBS0FK/thank-you
ORD-20250227-389,1739320691-_qd89fFOwigp,1739320691-_qd89fFOwigp_1,2025-02-27 20:31:33.839000+00:00,2025-02-27,649.0,1,d6625091c6a9e7b6,affiliate,referral,,Affiliate,https://checkout.puffy.com/checkouts/cn/Z2NwLXVzLWVhc3QxOjAxSk40RkhZNFFRWVNWMjRHSERKMjNYUkda/thank-you
ORD-20250226-158,1739571234-3McSv47Fx1Qm,1739571234-3McSv47Fx1Qm_2,2025-02-26 18:05:45.915000+00:00,2025-02-26,649.0,1,7d85988481d5ca5f,direct,none,,Direct,https://checkout.puffy.com/checkouts/cn/Z2NwLXVzLWVhc3QxOjAxSk4xUFRDODVSTVhBQzFEVDA5V1ZOMFIw/thank-you
ORD-20250225-960,1739632959-3UuM3WM5LiF_,1739632959-3UuM3WM5LiF__2,2025-02-25 02:38:54.286000+00:00,2025-02-25,799.0,1,26e4fa141c6c47dd,internal,internal,,Internal,https://checkout.puffy.com/checkouts/cn/Z2NwLXVzLXdlc3QxOjAxSk1YRkJSQUhaNjhZSDdLNzM0TlAyNlpO/thank-you
ORD-20250303-193,1739654536-l0pMsprdf4K1,1739654536-l0pMsprdf4K1_1,2025-03-03 13:45:40.870000+00:00,2025-03-03,799.0,1,259030e0a6c68c95,direct,none,,Direct,https://checkout.puffy.com/checkouts/cn/Z2NwLXVzLWVhc3QxOjAxSk5FM1lLR0IxOE01NkZRQjkyMk5ZQkdW/thank-you
ORD-20250228-326,1739661401-YhLQ3Wpa_2yc,1739661401-YhLQ3Wpa_2yc_1,2025-02-28 21:34:49.604000+00:00,2025-02-28,649.0,1,ebef1a8e547210e5,direct,none,,Direct,https://checkout.puffy.com/checkouts/cn/Z2NwLXVzLWVhc3QxOjAxSk43NlIwVE4yTjVNSkQ0RFk4VFBYUjFH/thank-you
ORD-20250308-389,1739721571-5zHR-SPEGkZr,1739721571-5zHR-SPEGkZr_4,2025-03-08 23:16:08.807000+00:00,2025-03-08,349.0,1,ebcd5ef83c3a82ec,direct,none,,Direct,https://checkout.puffy.com/checkouts/cn/Z2NwLXVzLXdlc3QxOjAxSk5XMERIRFdYWjgxWURERFFURFQ2R1pN/thank-you
ORD-20250226-354,1739722963-bM9HXRvhLpzE,1739722963-bM9HXRvhLpzE_1,2025-02-26 23:59:48.039000+00:00,2025-02-26,262.0,1,e9cab63d10415664,internal,internal,,Internal,https://checkout.puffy.com/checkouts/cn/Z2NwLXVzLWVhc3QxOjAxSk4wMkVLRlJQRlNESEVKOFRNNTMzRE1C/thank-you
ORD-20250304-556,1739746383-1E2Pdq8Hpsz6,1739746383-1E2Pdq8Hpsz6_1,2025-03-04 13:05:23.864000+00:00,2025-03-04,0.0,1,6a1249646898d4ec,direct,none,,Direct,https://checkout.puffy.com/checkouts/cn/Z2NwLXVzLWVhc3QxOjAxSk5HTTFDVFY1TVRBRUNQRTFLMTlIQkZU/thank-you
ORD-20250301-223,1739840232-Qa5gyk_Kwh5w,1739840232-Qa5gyk_Kwh5w_2,2025-03-01 15:30:26.676000+00:00,2025-03-01,2449.0,1,eb8ab9dd92167e68,direct,none,,Direct,https://checkout.puffy.com/checkouts/cn/Z2NwLXVzLWVhc3QxOjAxSk1COTVXNFNaSzRBOFlLWktGNU0wVEMx/thank-you
ORD-20250301-368,1739840232-Qa5gyk_Kwh5w,1739840232-Qa5gyk_Kwh5w_2,2025-03-01 15:40:37.769000+00:00,2025-03-01,179.0,1,eb8ab9dd92167e68,direct,none,,Direct,https://checkout.puffy.com/checkouts/cn/Z2NwLXVzLWVhc3QxOjAxSk45NVNBRlFIWkRDNEVYNUpIRDY3MzJH/thank-you
ORD-20250307-344,1739840232-Qa5gyk_Kwh5w,1739840232-Qa5gyk_Kwh5w_4,2025-03-07 22:57:58.744000+00:00,2025-03-07,262.0,1,eb8ab9dd92167e68,direct,none,,Direct,https://checkout.puffy.com/checkouts/cn/Z2NwLXVzLWVhc3QxOjAxSk5TRDZUNFpOMzEzSEs0VzlFWkY0N1k0/thank-you
ORD-20250227-363,1739878658-VmIawT4Slalv,1739878658-VmIawT4Slalv_6,2025-02-27 17:42:11.044000+00:00,2025-02-27,409.0,3,e3b07b83db6f5d0a,direct,none,,Direct,https://checkout.puffy.com/checkouts/cn/Z2NwLXVzLXdlc3QxOjAxSk40N1hKWDRaMlFTU0s1M0EzWUdEU01I/thank-you
ORD-20250227-495,1739878658-VmIawT4Slalv,1739878658-VmIawT4Slalv_6,2025-02-27 17:44:23.803000+00:00,2025-02-27,102.0,1,e3b07b83db6f5d0a,direct,none,,Direct,https://checkout.puffy.com/checkouts/cn/Z2NwLXVzLXdlc3QxOjAxSk40ODJCSjFBTlg4NlpXREI1V1hSUVBU/thank-you
ORD-20250224-404,1739902113-HUVj8CdYF8It,1739902113-HUVj8CdYF8It_1,2025-02-24 19:13:25.980000+00:00,2025-02-24,1249.0,1,2a9f41f8d7b2c658,internal,internal,,Internal,https://checkout.puffy.com/checkouts/cn/Z2NwLXVzLWVhc3QxOjAxSk1XTlg5MUIzOEUzUEY0RjhEWk1NMTZX/thank-you
ORD-20250224-346,1739925043-1AUsr0ad1DEH,1739925043-1AUsr0ad1DEH_1,2025-02-24 23:47:15.549000+00:00,2025-02-24,3149.0,1,48ee0f4a74ebfe0e,direct,none,,Direct,https://checkout.puffy.com/checkouts/cn/Z2NwLXVzLWVhc3QxOjAxSk1YNUFGMjhHQTRIRjVDNTFCVEpUOThY/thank-you
ORD-20250304-558,1739975044-l6LWN5WR98MB,1739975044-l6LWN5WR98MB_1,2025-03-04 03:14:47.935000+00:00,2025-03-04,2249.0,1,9fc58e5ead624332,direct,none,,Direct,https://checkout.puffy.com/checkouts/cn/Z2NwLXVzLXdlc3QxOjAxSk5GSFowSFNBR1dXV1NRQUU0SlowQzFY/thank-you
ORD-20250303-472,1739981017-J2pqbRgl8ICL,1739981017-J2pqbRgl8ICL_1,2025-03-03 19:08:18.292000+00:00,2025-03-03,949.0,1,e308a5e07cebbe3a,direct,none,,Direct,https://checkout.puffy.com/checkouts/cn/Z2NwLXVzLWVhc3QxOjAxSk1GRlFXWDI4UTVQNzM5U1RKMzlONEM5/thank-you
ORD-20250227-404,1739985361-5ocesE28hJ3Z,1739985361-5ocesE28hJ3Z_1,2025-02-27 06:00:17.359000+00:00,2025-02-27,128.0,1,3b6c0b266eda38ef,internal,internal,,Internal,https://checkout.puffy.com/checkouts/cn/Z2NwLXVzLWVhc3QxOjAxSk4yWUtFU0UwMFozMFlLMkozMlE0RDkw/thank-you
ORD-20250306-263,1740022230-wVcCreN5emU7,1740022230-wVcCreN5emU7_1,2025-03-06 04:19:40.147000+00:00,2025-03-06,0.0,1,9b989e88479ddeef,direct,none,,Direct,https://checkout.puffy.com/checkouts/cn/Z2NwLXVzLWVhc3QxOjAxSk5NVEJIVjhOWTJXTjk3QjBKWkFNNVJK/thank-you
ORD-20250224-298,1740153262-W9ba7W8Fyqbj,1740153262-W9ba7W8Fyqbj_1,2025-02-24 20:36:50.936000+00:00,2025-02-24,262.0,1,bd9e578b9b4ae429,direct,none,,Direct,https://checkout.puffy.com/checkouts/cn/Z2NwLXVzLWVhc3QxOjAxSk1XVEhCNDNHNjExODhOM0VBNlJXWk0x/thank-you
ORD-20250301-109,1740178922-Jjc6iIt31tDe,1740178922-Jjc6iIt31tDe_2,2025-03-01 14:21:27.643000+00:00,2025-03-01,1527.0,2,0350f37733580b55,internal,internal,,Internal,https://checkout.puffy.com/checkouts/cn/Z2NwLXVzLWVhc3QxOjAxSk1OQlpCOVM2OFg2N1ZKMFFIQ1dSSlhF/thank-you
ORD-20250223-393,1740227694-HVyCbgs6JGs1,1740227694-HVyCbgs6JGs1_1,2025-02-23 17:16:26.941000+00:00,2025-02-23,307.0,2,efea659030fd8fbb,internal,internal,,Internal,https://checkout.puffy.com/checkouts/cn/Z2NwLXVzLWVhc3QxOjAxSk1TV1ZDWkZYTTlKRkRRN0hBVkpSTjlW/thank-you
ORD-20250223-112,1740229091-LgTZGGMFMzzz,1740229091-LgTZGGMFMzzz_1,2025-02-23 12:54:35.166000+00:00,2025-02-23,1449.0,1,df0a7158c840bbeb,direct,none,,Direct,https://checkout.puffy.com/checkouts/cn/Z2NwLXVzLWVhc3QxOjAxSk1TRDM3V0ZNRzM2QlhGQjA1OUVNRDEz/thank-you
ORD-20250225-246,1740235155-Iyyo-PYeYrfN,1740235155-Iyyo-PYeYrfN_2,2025-02-25 13:28:11.878000+00:00,2025-02-25,0.0,1,dbdbac25dc7d4026,direct,none,,Direct,https://checkout.puffy.com/checkouts/do/5218165927c0384b992911a6d1f255e8/thank-you
ORD-20250224-102,1740239035-tdqLa5Lrkuy-,1740239035-tdqLa5Lrkuy-_1,2025-02-24 01:05:06.086000+00:00,2025-02-24,262.0,1,904a48a2918636d1,direct,none,,Direct,https://checkout.puffy.com/checkouts/cn/Z2NwLXVzLWVhc3QxOjAxSk1UUVFORzBBUzRUM0U2MjdOWDJZMlNa/thank-you
ORD-20250307-821,1740246936-TR7HRhn1o2cv,1740246936-TR7HRhn1o2cv_1,2025-03-07 00:01:52.293000+00:00,2025-03-07,1149.0,1,280296fc5d31a73f,direct,none,,Direct,https://checkout.puffy.com/checkouts/cn/Z2NwLXVzLWVhc3QxOjAxSk5QWTY1SDJUUVNNM1hZNjRUQU5TU0NX/thank-you
ORD-20250223-281,1740268999-k1PQxqt-fODp,1740268999-k1PQxqt-fODp_1,2025-02-23 00:06:46.544000+00:00,2025-02-23,245.0,1,f3f4e4fb9d459fb0,direct,none,,Direct,https://checkout.puffy.com/checkouts/cn/Z2NwLXVzLXdlc3QxOjAxSk1SMVdZOVc3SDAxS1lFOUNLREVHNkdZ/thank-you
ORD-20250224-363,1740268999-k1PQxqt-fODp,1740268999-k1PQxqt-fODp_2,2025-02-24 00:11:39.067000+00:00,2025-02-24,245.0,1,f3f4e4fb9d459fb0,direct,none,,Direct,https://checkout.puffy.com/checkouts/do/1e29e720048d051ddce1ee07d878c3ac/thank-you
ORD-20250223-473,1740273313-tBmCvzjnRa1M,1740273313-tBmCvzjnRa1M_1,2025-02-23 01:57:54.532000+00:00,2025-02-23,2128.0,3,6f2a3629b1dd38cb,internal,internal,,Internal,https://checkout.puffy.com/checkouts/cn/Z2NwLXVzLWVhc3QxOjAxSk1SODNQNEdGNlRRRFdQTjJaU1NYWFZG/thank-you
ORD-20250223-236,1740274368-gufFljcekA4a,1740274368-gufFljcekA4a_2,2025-02-23 22:55:28.267000+00:00,2025-02-23,2599.0,1,e494cb28503344ef,affiliate,referral,,Affiliate,https://checkout.puffy.com/checkouts/cn/Z2NwLXVzLWVhc3QxOjAxSk1UMlFHMUhWUTFUUEdSUDdYRlZOOEI5/thank-you
ORD-20250223-402,1740280302-XHcA-M3fnqtc,1740280302-XHcA-M3fnqtc_1,2025-02-23 03:19:00.576000+00:00,2025-02-23,245.0,1,7ae878f382b254d6,internal,internal,,Internal,https://checkout.puffy.com/checkouts/cn/Z2NwLXVzLWVhc3QxOjAxSk1SQ1QxN1FKRjU3M0EwOFRTMzBIUldQ/thank-you
ORD-20250223-339,1740280410-ag6Ycljew8aX,1740280410-ag6Ycljew8aX_1,2025-02-23 03:34:08.434000+00:00,2025-02-23,211.0,1,034a53e66ebce6c1,direct,none,,Direct,https://checkout.puffy.com/checkouts/cn/Z2NwLXVzLWVhc3QxOjAxSk1SRFYxWjA1TlhTM0tIQVFUMjA5OTAw/thank-you
ORD-20250223-648,1740283703-BeA3uOhllnoW,1740283703-BeA3uOhllnoW_3,2025-02-23 21:40:22.505000+00:00,2025-02-23,2549.0,1,960d9fe84706f0b5,direct,none,,Direct,https://checkout.puffy.com/checkouts/cn/Z2NwLXVzLWVhc3QxOjAxSk1UQjdaWTgyNFFWMFhTSzA5WUJKMlNL/thank-you
ORD-20250223-488,1740285929-kNhpxwGWo7u3,1740285929-kNhpxwGWo7u3_1,2025-02-23 04:51:22.948000+00:00,2025-02-23,1599.0,1,820f5b11e90cfc31,internal,internal,,Internal,https://checkout.puffy.com/checkouts/cn/Z2NwLXVzLWVhc3QxOjAxSk1SSjIyN0gyQVZFMENBU1JUWUhCWjZD/thank-you
ORD-20250308-137,1740307306-6_9iQAayRmHn,1740307306-6_9iQAayRmHn_3,2025-03-08 14:33:36.124000+00:00,2025-03-08,1449.0,1,58cba187206ed236,direct,none,,Direct,https://checkout.puffy.com/checkouts/cn/Z2NwLXVzLWVhc3QxOjAxSk5WMlFRMlRKVzRGOTVZOUpFUUVSWDVU/thank-you
ORD-20250223-143,1740318134-170n169CRst0,1740318134-170n169CRst0_1,2025-02-23 13:58:37.029000+00:00,2025-02-23,2299.0,1,1c6316aa0d667bdb,direct,none,,Direct,https://checkout.puffy.com/checkouts/cn/Z2NwLXVzLWVhc3QxOjAxSk1TSEpXOFc5NlZFUjlBMjIyS001QjlC/thank-you
ORD-20250223-496,1740319142-0cGR9mXrgY7a,1740319142-0cGR9mXrgY7a_1,2025-02-23 14:04:20.132000+00:00,2025-02-23,499.0,1,6a35d42f8bb330de,direct,none,,Direct,https://checkout.puffy.com/checkouts/cn/Z2NwLXVzLWVhc3QxOjAxSk1TSFNFVEZRQTdGSjY4QlJLVkZGRENO/thank-you
ORD-20250223-235,1740322032-MGz2QlNnmLit,1740322032-MGz2QlNnmLit_1,2025-02-23 14:48:43.525000+00:00,2025-02-23,102.0,1,7bef00eb84de7f78,direct,none,,Direct,https://checkout.puffy.com/checkouts/cn/Z2NwLXVzLWVhc3QxOjAxSk1TTUYwSzJTTTk3NktTTUQxNTlHVk5F/thank-you
ORD-20250223-391,1740324475-gzFxid7EI98q,1740324475-gzFxid7EI98q_2,2025-02-23 22:13:14.482000+00:00,2025-02-23,1449.0,1,a58647ee1e342963,direct,none,,Direct,https://checkout.puffy.com/checkouts/cn/Z2NwLXVzLWVhc3QxOjAxSk1UREgyMk40UENUMzlEOEZYSjBUV1JU/thank-you
ORD-20250224-233,1740327276-e965nL-38xWN,1740327276-e965nL-38xWN_3,2025-02-24 19:37:33.466000+00:00,2025-02-24,799.0,1,5003a9c3aca4d9f9,internal,internal,,Internal,https://checkout.puffy.com/checkouts/cn/Z2NwLXVzLXdlc3QxOjAxSk1XUTZCUDcwVkZSMTRIUEU3NVRRS0Yx/thank-you
ORD-20250223-121,1740330024-fdYFQVY4vQpJ,1740330024-fdYFQVY4vQpJ_1,2025-02-23 17:11:39.130000+00:00,2025-02-23,245.0,1,1c6316aa0d667bdb,direct,none,,Direct,https://checkout.puffy.com/checkouts/cn/Z2NwLXVzLWVhc3QxOjAxSk1TV01IS0hRNzY1UzA1RTZQQUdWNDZW/thank-you
ORD-20250223-411,1740331321-r0oNQ2MSMJj1,1740331321-r0oNQ2MSMJj1_1,2025-02-23 17:30:16.454000+00:00,2025-02-23,1349.0,1,01fadaedf66fb481,internal,internal,,Internal,https://checkout.puffy.com/checkouts/cn/Z2NwLXVzLWVhc3QxOjAxSk1TWEMwNVQzWUQ4OEM1TkNBUDVCNTlB/thank-you
ORD-20250225-279,1740342213-wO7WjZIoZlw2,1740342213-wO7WjZIoZlw2_2,2025-02-25 03:09:02.092000+00:00,2025-02-25,245.0,1,f506d954188ac3ac,internal,internal,,Internal,https://checkout.puffy.com/checkouts/cn/Z2NwLXVzLWVhc3QxOjAxSk1YR1Y3N0g2S0FORkJaS05BNzVQUTEx/thank-you
ORD-20250223-188,1740353042-u00VNVwShqi7,1740353042-u00VNVwShqi7_1,2025-02-23 23:56:31.157000+00:00,2025-02-23,262.0,1,558938b617f7fe37,internal,internal,,Internal,https://checkout.puffy.com/checkouts/cn/Z2NwLXVzLXdlc3QxOjAxSk1US0VaWVMyNTJCNEZNRVRLWDhBWlBK/thank-you
ORD-20250224-379,1740354406-05uJBqjzNLCr,1740354406-05uJBqjzNLCr_1,2025-02-24 00:01:10.768000+00:00,2025-02-24,349.0,1,e941ecf35a9158fe,direct,none,,Direct,https://checkout.puffy.com/checkouts/cn/Z2NwLXVzLXdlc3QxOjAxSk1US1pES1AzMVhIRDdURlNEUjg2NFBK/thank-you
ORD-20250223-633,1740354432-siarlMkZUacD,1740354432-siarlMkZUacD_1,2025-02-23 23:56:32.123000+00:00,2025-02-23,949.0,1,3e69b3d98c66cee5,internal,internal,,Internal,https://checkout.puffy.com/checkouts/cn/Z2NwLXVzLWVhc3QxOjAxSk1US0tEVDdHQlJYRVpZOE03QzlKRFM1/thank-you
ORD-20250305-874,1740356123-1bfvg97pRZDo,1740356123-1bfvg97pRZDo_2,2025-03-05 19:31:02.999000+00:00,2025-03-05,649.0,1,a6693f180c10c156,direct,none,,Direct,https://checkout.puffy.com/checkouts/do/262b40989717d35b13cf8dcc64290fe5/thank-you
ORD-20250224-182,1740357638-9tfvOEhPzURB,1740357638-9tfvOEhPzURB_1,2025-02-24 00:43:36.267000+00:00,2025-02-24,127.0,1,f666201954c2adff,direct,none,,Direct,https://checkout.puffy.com/checkouts/cn/Z2NwLXVzLXdlc3QxOjAxSk1UUEVFRjNWMldGMzEzNVZQR1NEWUZC/thank-you
ORD-20250224-411,1740361226-rivvi4JqPuzY,1740361226-rivvi4JqPuzY_1,2025-02-24 01:46:04.380000+00:00,2025-02-24,499.0,1,93dc5c4e15dd614d,direct,none,,Direct,https://checkout.puffy.com/checkouts/cn/Z2NwLXVzLWVhc3QxOjAxSk1UVDFZTVZGNE1OOUtQVzBYWTFKMlBE/thank-you
ORD-20250224-959,1740367034-S45_sOx0uTdt,1740367034-S45_sOx0uTdt_1,2025-02-24 03:37:53.404000+00:00,2025-02-24,1599.0,1,a324071f89d7aff0,affiliate,referral,,Affiliate,https://checkout.puffy.com/checkouts/cn/Z2NwLXVzLWVhc3QxOjAxSk1UWlhWMjdIMkNSWlhKM1lDMlQ1NFBC/thank-you
ORD-20250301-141,1740369480-TyDhYip-VIAZ,1740369480-TyDhYip-VIAZ_1,2025-03-01 15:48:06.431000+00:00,2025-03-01,128.0,1,bd898ad3391a59ee,direct,none,,Direct,https://checkout.puffy.com/checkouts/cn/Z2NwLXVzLWVhc3QxOjAxSk45NjhNWk1RRjFWQUhGR0hFTkVZRTU0/thank-you
ORD-20250224-242,1740375050-XlC0gkccY9RX,1740375050-XlC0gkccY9RX_2,2025-02-24 19:58:31.659000+00:00,2025-02-24,399.0,2,e0f9fafc5153a2f3,internal,internal,,Internal,https://checkout.puffy.com/checkouts/cn/Z2NwLXVzLWVhc3QxOjAxSk1XUkQ3Q1M2R01CN1BXV1JIMFFZNTFH/thank-you
ORD-20250224-110,1740375905-ogainOy22IfS,1740375905-ogainOy22IfS_1,2025-02-24 06:03:18.403000+00:00,2025-02-24,1899.0,1,942c6ea9595b88ac,internal,internal,,Internal,https://checkout.puffy.com/checkouts/cn/Z2NwLXVzLWVhc3QxOjAxSk1WOFBGUVZUOFJEQ0cxMUZDUzdKMTky/thank-you
ORD-20250224-395,1740388834-Se_QNh_trw4d,1740388834-Se_QNh_trw4d_1,2025-02-24 09:38:03.268000+00:00,2025-02-24,1399.0,1,335de913ab173d93,affiliate,referral,,Affiliate,https://checkout.puffy.com/checkouts/cn/Z2NwLXVzLWVhc3QxOjAxSk1WTThHWjFSMTVDOFNYRERHU0cySFo5/thank-you
ORD-20250224-361,1740394685-BMUHlEYXGIsS,1740394685-BMUHlEYXGIsS_2,2025-02-24 22:13:27.886000+00:00,2025-02-24,2149.0,1,4b2a00c7a20e5475,direct,none,,Direct,https://checkout.puffy.com/checkouts/cn/Z2NwLXVzLWVhc3QxOjAxSk1YMDJEMVQ4V0Y5WFlaTlA0N1dNR0Yz/thank-you
ORD-20250224-122,1740401153-lr8JFh8YtfIT,1740401153-lr8JFh8YtfIT_1,2025-02-24 13:01:07.407000+00:00,2025-02-24,799.0,1,f269c7c6548d273d,direct,none,,Direct,https://checkout.puffy.com/checkouts/cn/Z2NwLXVzLXdlc3QxOjAxSk1XMDVKNzJNR0NDMUpYNVBZUzZDNVJG/thank-you
ORD-20250224-227,1740404510-RR2JJVeKrqEa,1740404510-RR2JJVeKrqEa_1,2025-02-24 13:44:44.348000+00:00,2025-02-24,0.0,1,1788ef5cf0bd138e,internal,internal,,Internal,https://checkout.puffy.com/checkouts/cn/Z2NwLXVzLWVhc3QxOjAxSk1XMzRUSzJUMVpYQkRRWVIyUTJHVE1W/thank-you
ORD-20250224-382,1740410100-6Pc-00Mf6SHj,1740410100-6Pc-00Mf6SHj_1,2025-02-24 21:54:40.894000+00:00,2025-02-24,421.6,1,adc1593d6a6932d4,affiliate,referral,,Affiliate,https://checkout.puffy.com/checkouts/do/9fa05ea3a0882f95ef1285758095f6f9/thank-you
ORD-20250224-333,1740416131-ALCfOgIbMQtB,1740416131-ALCfOgIbMQtB_1,2025-02-24 17:56:28.237000+00:00,2025-02-24,3233.0,2,9e905d1268f60867,direct,none,,Direct,https://checkout.puffy.com/checkouts/cn/Z2NwLXVzLWVhc3QxOjAxSk1XRk5ERFM1TkU4NTFOWEVDNU44RllI/thank-you
ORD-20250224-248,1740416598-nykttCSDtxUO,1740416598-nykttCSDtxUO_1,2025-02-24 17:05:19.472000+00:00,2025-02-24,899.0,1,3d372a1bfeaa87d0,internal,internal,,Internal,https://checkout.puffy.com/checkouts/cn/Z2NwLXVzLWVhc3QxOjAxSk1XRU0yNlBNWTZSRjVTSjU2QVFTRjFS/thank-you
ORD-20250224-315,1740419966-ekW7LffQY_mQ,1740419966-ekW7LffQY_mQ_1,2025-02-24 18:06:11.146000+00:00,2025-02-24,1399.0,1,20d2edec00f3d94e,affiliate,referral,,Affiliate,https://checkout.puffy.com/checkouts/cn/Z2NwLXVzLWVhc3QxOjAxSk1XSFdZMEc1QlBQRTJSWUZTQjZKMjg5/thank-you
ORD-20250225-511,1740420503-CDX4af0XJcby,1740420503-CDX4af0XJcby_2,2025-02-25 20:54:15.763000+00:00,2025-02-25,4248.0,2,c6b54169f218ca34,affiliate,referral,,Affiliate,https://checkout.puffy.com/checkouts/cn/Z2NwLXVzLWVhc3QxOjAxSk1aOVBFS1AwSjdNUURLMUI0WUFTODFI/thank-you
ORD-20250225-388,1740420503-CDX4af0XJcby,1740420503-CDX4af0XJcby_2,2025-02-25 21:08:26.555000+00:00,2025-02-25,179.0,1,c6b54169f218ca34,direct,none,,Direct,https://checkout.puffy.com/checkouts/cn/Z2NwLXVzLWVhc3QxOjAxSk1aRVJSWVhaNFNLQ0pUS1kwTlNEUkpW/thank-you
ORD-20250224-272,1740422911-uSQmp4BHfUNc,1740422911-uSQmp4BHfUNc_1,2025-02-24 18:57:34.771000+00:00,2025-02-24,799.0,1,5394a1717f9e48f7,direct,none,,Direct,https://checkout.puffy.com/checkouts/cn/Z2NwLXVzLWVhc3QxOjAxSk1XTVRGTUo0V1hQS0c3NjU2TTVLQ05T/thank-you
ORD-20250225-215,1740425024-qu9BNEPk5H34,1740425024-qu9BNEPk5H34_2,2025-02-25 00:43:47.149000+00:00,2025-02-25,1778.0,2,b833e3d1dcff6a61,direct,none,,Direct,https://checkout.puffy.com/checkouts/cn/Z2NwLXVzLXdlc3QxOjAxSk1XUTJOUkNLR0daRDZYTlRWWUg1UDNB/thank-you
ORD-20250224-431,1740426329-uHYSiBnw3oSI,1740426329-uHYSiBnw3oSI_1,2025-02-24 19:52:02.049000+00:00,2025-02-24,649.0,1,b9b74008f9472798,direct,none,,Direct,https://checkout.puffy.com/checkouts/cn/Z2NwLXVzLWVhc3QxOjAxSk1XUjZWUFZXMUJQS1pEMjhSWThaUk5L/thank-you
ORD-20250226-149,1740429626-KL7CIMnNyHr6,1740429626-KL7CIMnNyHr6_2,2025-02-26 02:59:56.308000+00:00,2025-02-26,2299.0,1,9a1dcb4cea5d6a64,direct,none,,Direct,https://checkout.puffy.com/checkouts/cn/Z2NwLXVzLWVhc3QxOjAxSk4wMlQzUk5EMlc2TVQ2TUdBMlRZWVFL/thank-you
ORD-20250224-958,1740435325-OQW2KrRz-f87,1740435325-OQW2KrRz-f87_1,2025-02-24 22:19:10.302000+00:00,2025-02-24,1099.0,1,ed1c74e178a2a9be,direct,none,,Direct,https://checkout.puffy.com/checkouts/cn/Z2NwLXVzLWVhc3QxOjAxSk1YMEswR1ZHRkRQS0dIVEdIRkQ3WEpB/thank-you
ORD-20250224-318,1740435501-V9T5cBuBY-0p,1740435501-V9T5cBuBY-0p_1,2025-02-24 22:19:17.348000+00:00,2025-02-24,179.0,1,5343101b14f8e02b,internal,internal,,Internal,https://checkout.puffy.com/checkouts/cn/Z2NwLXVzLWVhc3QxOjAxSk1YME4yRFRCQTJNMDRSWUNWMksxQjQ3/thank-you
ORD-20250224-203,1740435624-t7_Lldpg-gJE,1740435624-t7_Lldpg-gJE_1,2025-02-24 22:50:20.255000+00:00,2025-02-24,245.0,1,42b8f7d1ab3d288d,internal,internal,,Internal,https://checkout.puffy.com/checkouts/cn/Z2NwLXVzLWVhc3QxOjAxSk1YMTlUOFJSQzlSMzU4SlRKRlJEMEpE/thank-you
ORD-20250301-425,1740446367-p2cxMCf-rR9O,1740446367-p2cxMCf-rR9O_1,2025-03-01 03:50:55.186000+00:00,2025-03-01,949.0,1,0a47ed28e2ae5f6f,direct,none,,Direct,https://checkout.puffy.com/checkouts/cn/Z2NwLXVzLWVhc3QxOjAxSk43WDQxRzNHV0RCU1ZKWTZITURNSEFG/thank-you
ORD-20250227-440,1740462395-49MBDvvw8EMB,1740462395-49MBDvvw8EMB_1,2025-02-27 20:18:19.520000+00:00,2025-02-27,2149.0,1,1f3100ab98019017,internal,internal,,Internal,https://checkout.puffy.com/checkouts/cn/Z2NwLXVzLWVhc3QxOjAxSk40Rzg3N1JUTkE3MzFWUkNBWjJWQVEy/thank-you
ORD-20250225-155,1740463769-CXbM4e_bRw6w,1740463769-CXbM4e_bRw6w_1,2025-02-25 06:12:15.255000+00:00,2025-02-25,228.0,1,c3c0b26e7e5b51bf,internal,internal,,Internal,https://checkout.puffy.com/checkouts/cn/Z2NwLXVzLWVhc3QxOjAxSk1YVlBLM1gyWEtIWTIxOUtLTVo4QktF/thank-you
ORD-20250225-793,1740470958-7WS5qDFDlXSX,1740470958-7WS5qDFDlXSX_1,2025-02-25 18:57:50.317000+00:00,2025-02-25,349.0,1,3647f7f00e47ab4d,direct,none,,Direct,https://checkout.puffy.com/checkouts/cn/Z2NwLXVzLXdlc3QxOjAxSk1aN0U3UjRDTVM2OTg3VEFLV0NNUVBW/thank-you
ORD-20250227-282,1740490652-u8qNtnGdfQWY,1740490652-u8qNtnGdfQWY_4,2025-02-27 02:37:10.781000+00:00,2025-02-27,649.0,1,eb062091aed8ee08,internal,internal,,Internal,https://checkout.puffy.com/checkouts/cn/Z2NwLXVzLWVhc3QxOjAxSk4yS1ZQVDRUQ1pSVFZZQ0I4UVZIWU1Z/thank-you
ORD-20250227-194,1740490652-u8qNtnGdfQWY,1740490652-u8qNtnGdfQWY_4,2025-02-27 02:49:01.372000+00:00,2025-02-27,799.0,1,eb062091aed8ee08,direct,none,,Direct,https://checkout.puffy.com/checkouts/do/9e9db8c880d79922c203407a80dac535/thank-you
ORD-20250225-416,1740491267-r8TbUuojnRze,1740491267-r8TbUuojnRze_1,2025-02-25 14:41:09.049000+00:00,2025-02-25,799.0,1,bc9ac66ce56ea38f,internal,internal,,Internal,https://checkout.puffy.com/checkouts/cn/Z2NwLXVzLWVhc3QxOjAxSk1ZUTdITk0zRkpENlZZTkZOWVhQRTNG/thank-you
ORD-20250225-248,1740496096-PCvDM8hAj5vv,1740496096-PCvDM8hAj5vv_1,2025-02-25 15:13:19.040000+00:00,2025-02-25,262.0,1,c810a359853f0966,internal,internal,,Internal,https://checkout.puffy.com/checkouts/cn/Z2NwLXVzLWVhc3QxOjAxSk1ZVE0xMVhTNFhXMjBSUEdUMVAyOUJI/thank-you
ORD-20250225-346,1740500274-pZRMdhL7Oatk,1740500274-pZRMdhL7Oatk_1,2025-02-25 16:21:26.313000+00:00,2025-02-25,490.0,2,d975ae1a0fe6bf23,direct,none,,Direct,https://checkout.puffy.com/checkouts/cn/Z2NwLXVzLXdlc3QxOjAxSk1ZWUVWMTlRU0VGSjYxQUZIVzJWWjJQ/thank-you
ORD-20250226-367,1740506140-Tah24D5i44Yq,1740506140-Tah24D5i44Yq_2,2025-02-26 01:38:52.614000+00:00,2025-02-26,202.0,1,866d85eb684e0c16,internal,internal,,Internal,https://checkout.puffy.com/checkouts/cn/Z2NwLXVzLWVhc3QxOjAxSk1aWTlCODRIMkFCVkE4S05QRTRWSksz/thank-you
ORD-20250225-331,1740507907-PhSXNJEFjJgi,1740507907-PhSXNJEFjJgi_1,2025-02-25 18:35:33.867000+00:00,2025-02-25,1449.0,1,96417c57828a38ca,direct,none,,Direct,https://checkout.puffy.com/checkouts/cn/Z2NwLXVzLWVhc3QxOjAxSk1aNjQ1V0M0OUIxMkdLMDhYUVlOMEhZ/thank-you
ORD-20250225-118,1740509552-1fvZUL45Eik0,1740509552-1fvZUL45Eik0_1,2025-02-25 18:59:07.840000+00:00,2025-02-25,1249.0,1,600e286e36110513,internal,internal,,Internal,https://checkout.puffy.com/checkouts/cn/Z2NwLXVzLWVhc3QxOjAxSk1aN0VZNDRKSDA1QjRFVEVFNUJTMFdR/thank-you
ORD-20250227-184,1740526885-5A-RthRwICoW,1740526885-5A-RthRwICoW_2,2025-02-27 13:55:40.682000+00:00,2025-02-27,1449.0,1,97849bd93112ab23,internal,internal,,Internal,https://checkout.puffy.com/checkouts/cn/Z2NwLXVzLWVhc3QxOjAxSk4zVEdROVM0Q0dGUjdOWUpTMFNBVjA2/thank-you
ORD-20250226-147,1740533061-59GXKhAICVW9,1740533061-59GXKhAICVW9_1,2025-02-26 01:59:27.701000+00:00,2025-02-26,245.0,1,afa8c42389192453,internal,internal,,Internal,https://checkout.puffy.com/checkouts/cn/Z2NwLXVzLWVhc3QxOjAxSk1aWk03V0YwRE4zRTBHSzlRS0M4WFZU/thank-you
ORD-20250226-222,1740538658-TkG9ALpxVv-y,1740538658-TkG9ALpxVv-y_1,2025-02-26 03:19:19.222000+00:00,2025-02-26,1249.0,1,4c33d6d9b9566f8a,direct,none,,Direct,https://checkout.puffy.com/checkouts/cn/Z2NwLXVzLWVhc3QxOjAxSk4wNDFaMkhXUVBFWDVYSEZYWDFTOTgw/thank-you
ORD-20250226-159,1740541409-iPJ33obXCzai,1740541409-iPJ33obXCzai_1,2025-02-26 03:52:09.073000+00:00,2025-02-26,1549.0,1,6aa413e55a72fb5d,affiliate,referral,,Affiliate,https://checkout.puffy.com/checkouts/cn/Z2NwLXVzLWVhc3QxOjAxSk4wNVIySzdIVjFESkY2WVZWMEs1Qloz/thank-you
ORD-20250226-400,1740571107-hSVYOtd7C69Y,1740571107-hSVYOtd7C69Y_5,2025-02-26 19:51:13.069000+00:00,2025-02-26,3199.0,1,a3d38406788f9e5b,internal,internal,,Internal,https://checkout.puffy.com/checkouts/cn/Z2NwLXVzLWVhc3QxOjAxSk4xV0taN0s5SDFDUkdSR0JTWTVKM1dS/thank-you
ORD-20250306-868,1740582276-owXxPAgE001P,1740582276-owXxPAgE001P_3,2025-03-06 17:10:32.257000+00:00,2025-03-06,76.0,1,39ca741196817a2b,direct,none,,Direct,https://checkout.puffy.com/checkouts/cn/Z2NwLXVzLXdlc3QxOjAxSk5QNlQ0VDFGQUM4TktONThRSFE1V0dK/thank-you
ORD-20250226-286,1740585094-kQ9i2xMh92Qi,1740585094-kQ9i2xMh92Qi_1,2025-02-26 15:55:38.992000+00:00,2025-02-26,1399.0,1,38a7ed84338c5aa8,internal,internal,,Internal,https://checkout.puffy.com/checkouts/cn/Z2NwLXVzLXdlc3QxOjAxSk4xRkQ2NDBHV0VZRTJETTBKMEZDWTdQ/thank-you
ORD-20250226-359,1740588030-XKPe3jhWm679,1740588030-XKPe3jhWm679_1,2025-02-26 16:45:41.854000+00:00,2025-02-26,349.0,1,6205987c534f5bd2,direct,none,,Direct,https://checkout.puffy.com/checkouts/cn/Z2NwLXVzLXdlc3QxOjAxSk4xSjY2UDhXVzJaVkZUMDZONTQwSjFK/thank-you
ORD-20250226-200,1740593382-b40TBIOREjAO,1740593382-b40TBIOREjAO_1,2025-02-26 18:27:28.555000+00:00,2025-02-26,949.0,1,922546e7fa286335,direct,none,,Direct,https://checkout.puffy.com/checkouts/cn/Z2NwLXVzLWVhc3QxOjAxSk4xUjBRWFQxQUFIRUVKNllGODNGSjBC/thank-you
ORD-20250226-164,1740600774-qJ4-XeHIynU8,1740600774-qJ4-XeHIynU8_1,2025-02-26 20:23:48.569000+00:00,2025-02-26,1728.0,2,264cb0c23e8efecf,internal,internal,,Internal,https://checkout.puffy.com/checkouts/cn/Z2NwLXVzLXdlc3QxOjAxSk4xWUMwOEZSUVlLMFZDVDkyQjJFWE44/thank-you
ORD-20250228-652,1740601365-F_PJluoyOSds,1740601365-F_PJluoyOSds_3,2025-02-28 21:08:10.784000+00:00,2025-02-28,499.0,1,5a9c99d00ecda01f,internal,internal,,Internal,https://checkout.puffy.com/checkouts/cn/Z2NwLXVzLXdlc3QxOjAxSk43NURRVEYxRk1YWFlHMUdYNktLTjBT/thank-you
ORD-20250303-169,1740601498-77wv6FdS7D3S,1740601498-77wv6FdS7D3S_2,2025-03-03 16:05:07.463000+00:00,2025-03-03,0.0,1,f467999b3b173a67,direct,none,,Direct,https://checkout.puffy.com/checkouts/cn/Z2NwLXVzLWVhc3QxOjAxSk5FQzEwS0ZLM0VDRDNRVEMxMThBSzNK/thank-you
ORD-20250304-181,1740602827-aKQxN3dv47qU,1740602827-aKQxN3dv47qU_4,2025-03-04 16:27:19.706000+00:00,2025-03-04,422.0,1,f91efef210ab5157,direct,none,,Direct,https://checkout.puffy.com/checkouts/cn/Z2NwLXVzLXdlc3QxOjAxSk5FRkMzUlFGVzlRQUpCQlhQV1NYOUpO/thank-you
ORD-20250227-152,1740610642-nfEg9g1cSmKD,1740610642-nfEg9g1cSmKD_2,2025-02-27 15:33:17.951000+00:00,2025-02-27,1249.0,1,b398c2afbf316a29,internal,internal,,Internal,https://checkout.puffy.com/checkouts/cn/Z2NwLXVzLWVhc3QxOjAxSk40MEpFRFBIQzhOMkE5WDk1VjA4QUM1/thank-you
ORD-20250227-335,1740615747-WHeh_tCsQtDd,1740615747-WHeh_tCsQtDd_1,2025-02-27 00:27:32.504000+00:00,2025-02-27,1324.0,1,502783c222007545,internal,internal,,Internal,https://checkout.puffy.com/checkouts/cn/Z2NwLXVzLWVhc3QxOjAxSk4yQ0hSSkpEMjZZNkJGTVZHMFk4TkZR/thank-you
ORD-20250227-891,1740617894-H_J5RCtMPqDw,1740617894-H_J5RCtMPqDw_1,2025-02-27 01:03:37.204000+00:00,2025-02-27,179.0,1,ffe3e494d27be6da,direct,none,,Direct,https://checkout.puffy.com/checkouts/cn/Z2NwLXVzLWVhc3QxOjAxSk4yRVY1Q1o0NFAyWEM4RUJFR0VZVkdS/thank-you
ORD-20250227-262,1740619595-qrlDhFMbVgcI,1740619595-qrlDhFMbVgcI_1,2025-02-27 01:36:32.342000+00:00,2025-02-27,1549.0,1,3fd86f1e679a8753,internal,internal,,Internal,https://checkout.puffy.com/checkouts/cn/Z2NwLXVzLWVhc3QxOjAxSk4yR0FUMVZaUDRKVkVDMERZRjA5ODQz/thank-you
ORD-20250227-121,1740621998-pQoM0ILasRcP,1740621998-pQoM0ILasRcP_1,2025-02-27 02:12:49.926000+00:00,2025-02-27,245.0,1,22b47fe2695a897d,direct,none,,Direct,https://checkout.puffy.com/checkouts/cn/Z2NwLXVzLWVhc3QxOjAxSk4ySlBSTkEzNFBNUktCU0hZV1A0UEtT/thank-you
ORD-20250227-192,1740630977-cENzfYjmF5Mp,1740630977-cENzfYjmF5Mp_1,2025-02-27 04:43:59.628000+00:00,2025-02-27,441.0,2,0c8101c5d2bc99d8,direct,none,,Direct,https://checkout.puffy.com/checkouts/cn/Z2NwLXVzLWVhc3QxOjAxSk4yVkNDQTVIUDVCUlo3S1BSRjBKREYx/thank-you
ORD-20250227-267,1740638258-21Yc1gq7Q5Vu,1740638258-21Yc1gq7Q5Vu_1,2025-02-27 06:55:47.817000+00:00,2025-02-27,262.0,1,74e7bb3d3ca669e6,direct,none,,Direct,https://checkout.puffy.com/checkouts/cn/Z2NwLXVzLWVhc3QxOjAxSk4zMjJHTkNFUFdOU1BSSkJZSzMySjRR/thank-you
ORD-20250301-260,1740667284-F32gz9hh9Rnx,1740667284-F32gz9hh9Rnx_2,2025-03-01 15:20:25.029000+00:00,2025-03-01,228.0,1,f931a1cc7df59820,internal,internal,,Internal,https://checkout.puffy.com/checkouts/cn/Z2NwLXVzLWVhc3QxOjAxSk45NEpFNVk0NUdGMTBWNVJUOFFXOTE2/thank-you
ORD-20250227-314,1740668179-BpHiz-xV96as,1740668179-BpHiz-xV96as_1,2025-02-27 15:00:58.313000+00:00,2025-02-27,0.0,1,f467999b3b173a67,direct,none,,Direct,https://checkout.puffy.com/checkouts/cn/Z2NwLXVzLWVhc3QxOjAxSk4zWU4wNTRYU000VjhFNEtGVjVQMUhI/thank-you
ORD-20250227-704,1740670549-mLuoeHG85XGb,1740670549-mLuoeHG85XGb_1,2025-02-27 15:40:05.717000+00:00,2025-02-27,262.0,1,7a8b8f545225b281,direct,none,,Direct,https://checkout.puffy.com/checkouts/cn/Z2NwLXVzLWVhc3QxOjAxSk40MFc5TTRCUTY1SldEODI2VkhCMFRR/thank-you
ORD-20250227-309,1740670999-K1_JtnL7_7vD,1740670999-K1_JtnL7_7vD_1,2025-02-27 15:53:09.482000+00:00,2025-02-27,1577.0,2,258450a97691e30e,affiliate,referral,,Affiliate,https://checkout.puffy.com/checkouts/cn/Z2NwLXVzLXdlc3QxOjAxSk40MUEwMDRNSkpUUTE5WFQ5Q1Y1MEQ1/thank-you
ORD-20250227-913,1740675612-syJ274dlAty2,1740675612-syJ274dlAty2_1,2025-02-27 17:08:19.424000+00:00,2025-02-27,228.0,1,791ac3390abd17d6,direct,none,,Direct,https://checkout.puffy.com/checkouts/cn/Z2NwLXVzLWVhc3QxOjAxSk40NVBQNVJHN0RSR1NTRE1CUFJFSFJY/thank-you
ORD-20250301-476,1740690573-skRPmgwUwCwt,1740690573-skRPmgwUwCwt_1,2025-03-01 13:01:03.911000+00:00,2025-03-01,2449.0,1,134200e310540bec,direct,none,,Direct,https://checkout.puffy.com/checkouts/cn/Z2NwLXVzLWVhc3QxOjAxSk44TkJBUVI5TkpLWUg0VFJZRkdaM0o4/thank-you
ORD-20250305-115,1740697388-qvhB0saUKLRV,1740697388-qvhB0saUKLRV_1,2025-03-05 23:49:28.612000+00:00,2025-03-05,799.0,1,601efad8fa3eef24,direct,none,,Direct,https://checkout.puffy.com/checkouts/cn/Z2NwLXVzLWVhc3QxOjAxSk5NQVY2NzBWRThXOVdHUEZaMjUzRTYz/thank-you
ORD-20250228-067,1740698008-_7WEw9tKqSlN,1740698008-_7WEw9tKqSlN_2,2025-02-28 00:01:50.151000+00:00,2025-02-28,245.0,1,579372c2b61b999e,direct,none,,Direct,https://checkout.puffy.com/checkouts/cn/Z2NwLXVzLWVhc3QxOjAxSk40WEs2QUVQQjJQSzg0U1gzTjZQSlQ1/thank-you
ORD-20250304-399,1740702109-D3IjcJAWXSjK,1740702109-D3IjcJAWXSjK_1,2025-03-04 23:45:07.717000+00:00,2025-03-04,1449.0,1,79906d102eec3ab7,direct,none,,Direct,https://checkout.puffy.com/checkouts/cn/Z2NwLXVzLWVhc3QxOjAxSk5IUkowNFFCMThLV1NUNFJOSldBMUYw/thank-you
ORD-20250228-125,1740706745-i5FCnSeupIMN,1740706745-i5FCnSeupIMN_1,2025-02-28 01:48:27.348000+00:00,2025-02-28,128.0,1,3fd86f1e679a8753,direct,none,,Direct,https://checkout.puffy.com/checkouts/cn/Z2NwLXVzLWVhc3QxOjAxSk41M1IyOTJWNlRUMVMzNDFOU0JGNkZS/thank-you
ORD-20250302-161,1740708236-ykIKjXLTg3KT,1740708236-ykIKjXLTg3KT_4,2025-03-02 22:31:58.527000+00:00,2025-03-02,799.0,1,6bcb39875f800f57,internal,internal,,Internal,https://checkout.puffy.com/checkouts/cn/Z2NwLXVzLWVhc3QxOjAxSk5DRkhEU1JTV0I4MlNHQ0JIRFRNWjBC/thank-you
ORD-20250228-926,1740712304-4NR4XpCJLOX_,1740712304-4NR4XpCJLOX__1,2025-02-28 03:18:02.720000+00:00,2025-02-28,332.0,2,38a7ed84338c5aa8,internal,internal,,Internal,https://checkout.puffy.com/checkouts/cn/Z2NwLXVzLXdlc3QxOjAxSk41OE1DS0RNNEdEOUI5QlhHMTdUV05D/thank-you
ORD-20250228-253,1740713499-VJj6RspDKw9n,1740713499-VJj6RspDKw9n_1,2025-02-28 03:40:42.731000+00:00,2025-02-28,2695.0,5,b744b0efae2879db,direct,none,,Direct,https://checkout.puffy.com/checkouts/cn/Z2NwLXVzLXdlc3QxOjAxSk41OVMxTUEwN1lNRTFIWjFTOEE5R0tO/thank-you
ORD-20250305-351,1740716840-5kNegoAcF2eq,1740716840-5kNegoAcF2eq_3,2025-03-05 22:14:39.236000+00:00,2025-03-05,204.0,1,cdabd576075437ce,direct,none,,Direct,https://checkout.puffy.com/checkouts/cn/Z2NwLXVzLWVhc3QxOjAxSk5NNVhCSFpIQUZZMlJDMDlZTkNKRTAy/thank-you
ORD-20250228-155,1740745285-QDn8KpK2bk0K,1740745285-QDn8KpK2bk0K_1,2025-02-28 12:24:18.055000+00:00,2025-02-28,537.0,1,8b37cb4b7139db10,direct,none,,Direct,https://checkout.puffy.com/checkouts/cn/Z2NwLXVzLWVhc3QxOjAxSk42ODY4SzVDSFlTQVE4SENYRURZRzJC/thank-you
ORD-20250302-282,1740747967-lkkoSxf4Zob1,1740747967-lkkoSxf4Zob1_3,2025-03-02 00:52:09.297000+00:00,2025-03-02,1828.0,2,36b249942e76d0ec,direct,none,,Direct,https://checkout.puffy.com/checkouts/cn/Z2NwLXVzLWVhc3QxOjAxSk45TUFSQ0JZQThBREFFRVZURkFGNzYw/thank-you
ORD-20250228-319,1740748127-_-MVAL9cOASK,1740748127-_-MVAL9cOASK_1,2025-02-28 13:18:27.200000+00:00,2025-02-28,128.0,1,a9888bec884087dc,internal,internal,,Internal,https://checkout.puffy.com/checkouts/cn/Z2NwLXVzLWVhc3QxOjAxSk42QVpLWVM2SzA5WEpROVdBWlM2WUhD/thank-you
ORD-20250228-205,1740748801-BYfnsSqF3vEC,1740748801-BYfnsSqF3vEC_1,2025-02-28 13:31:06.500000+00:00,2025-02-28,2449.0,1,5afae8383c1fb1c6,internal,internal,,Internal,https://checkout.puffy.com/checkouts/cn/Z2NwLXVzLWVhc3QxOjAxSk42QlpXMVNLMEFXUEMyV0tCSFlUUU5R/thank-you
ORD-20250228-252,1740754381-rnBUSKHI9Gch,1740754381-rnBUSKHI9Gch_1,2025-02-28 15:10:35.825000+00:00,2025-02-28,349.0,1,b9c4e92230440947,direct,none,,Direct,https://checkout.puffy.com/checkouts/cn/Z2NwLXVzLWVhc3QxOjAxSk42R1hTVEdOWkMxRFk4SjJLMlRKNlhL/thank-you
ORD-20250301-176,1740755105-5iC4WPD8py5M,1740755105-5iC4WPD8py5M_3,2025-03-01 15:43:14.036000+00:00,2025-03-01,2598.0,1,c9dc335ec6fee9ed,internal,internal,,Internal,https://checkout.puffy.com/checkouts/cn/Z2NwLXVzLWVhc3QxOjAxSk45NVA4QlpBV01HVjNZQTMxQjdBOFdX/thank-you
ORD-20250228-316,1740759472-gvTG1KX2FKwX,1740759472-gvTG1KX2FKwX_1,2025-02-28 16:59:34.332000+00:00,2025-02-28,799.0,1,b9f0fe380c247e73,affiliate,referral,,Affiliate,https://checkout.puffy.com/checkouts/cn/Z2NwLXVzLXdlc3QxOjAxSk42UDhRTjcyVDZHRjVOMEJZUjNCUE1U/thank-you
ORD-20250228-259,1740759808-Ba9JxzYLgSNp,1740759808-Ba9JxzYLgSNp_1,2025-02-28 16:28:33.886000+00:00,2025-02-28,1449.0,1,24530f07542b83e5,direct,none,,Direct,https://checkout.puffy.com/checkouts/cn/Z2NwLXVzLWVhc3QxOjAxSk42UDBQOFI2NVpSNDkxRUYxOVNZQlhX/thank-you
ORD-20250301-279,1740769706-3zA2qgRqETXe,1740769706-3zA2qgRqETXe_1,2025-03-01 01:26:03.925000+00:00,2025-03-01,349.0,1,b991c374fe2c4f8a,internal,internal,,Internal,https://checkout.puffy.com/checkouts/cn/Z2NwLXVzLWVhc3QxOjAxSk43SFlNWk5KR1pIQ0ZHSzZBRzNNWkVL/thank-you
ORD-20250301-341,1740771475-n5FcQ-plWowJ,1740771475-n5FcQ-plWowJ_1,2025-03-01 02:00:22.754000+00:00,2025-03-01,1956.0,3,57b2755bfebb32e7,internal,internal,,Internal,https://checkout.puffy.com/checkouts/cn/Z2NwLXVzLWVhc3QxOjAxSk43UDQ2WEMyUktLR01TME45NTJSOVFG/thank-you
ORD-20250301-742,1740774713-GA3CAYMwty2k,1740774713-GA3CAYMwty2k_2,2025-03-01 15:32:19.926000+00:00,2025-03-01,3618.0,2,e3922098dedce4ca,affiliate,referral,,Affiliate,https://checkout.puffy.com/checkouts/cn/Z2NwLXVzLXdlc3QxOjAxSk45NEhHR1c4RVhHNzFHMDY1R0syRUNN/thank-you
ORD-20250228-261,1740775337-VbaIKeXLSFlT,1740775337-VbaIKeXLSFlT_1,2025-02-28 21:07:52.279000+00:00,2025-02-28,1758.0,4,c257269ecd2ee0cc,affiliate,referral,,Affiliate,https://checkout.puffy.com/checkouts/cn/Z2NwLXVzLWVhc3QxOjAxSk43NFdKUEcwOVQyNVZITjgzM1pRQ01K/thank-you
ORD-20250307-230,1740775651-tVFVjk63xPB2,1740775651-tVFVjk63xPB2_2,2025-03-07 18:07:30.823000+00:00,2025-03-07,3498.0,2,bbea9f8aaf9374a9,direct,none,,Direct,https://checkout.puffy.com/checkouts/cn/Z2NwLXVzLXdlc3QxOjAxSk5SVzZKV0swSEYwRzdaNDlOUDBWS1pQ/thank-you
ORD-20250228-144,1740779214-TerJ1t75-LmH,1740779214-TerJ1t75-LmH_1,2025-02-28 22:00:22.087000+00:00,2025-02-28,1798.0,1,2b61da54285cc3bc,internal,internal,,Internal,https://checkout.puffy.com/checkouts/cn/Z2NwLXVzLWVhc3QxOjAxSk43OEtUN0hUODdGRzQwWjlOQTgwMzFF/thank-you
ORD-20250228-182,1740782390-pXosgji_No6J,1740782390-pXosgji_No6J_1,2025-02-28 22:47:09.632000+00:00,2025-02-28,649.0,1,96777277272a1776,direct,none,,Direct,https://checkout.puffy.com/checkouts/cn/Z2NwLXVzLWVhc3QxOjAxSk43QlBFSzZTMktBQjUxRjVINDNXSDJE/thank-you
ORD-20250301-289,1740791190-Ao77naCCTRrE,1740791190-Ao77naCCTRrE_1,2025-03-01 02:13:10.613000+00:00,2025-03-01,799.0,1,181148d351e000bf,affiliate,referral,,Affiliate,https://checkout.puffy.com/checkouts/cn/Z2NwLXVzLWVhc3QxOjAxSk43TTNITUVOMUE5M1hTOVIzMUNLRENC/thank-you
ORD-20250301-233,1740796696-0_aTFzHCtICo,1740796696-0_aTFzHCtICo_1,2025-03-01 03:00:47.859000+00:00,2025-03-01,1249.0,1,a8d044f499f14aeb,direct,none,,Direct,https://checkout.puffy.com/checkouts/cn/Z2NwLXVzLWVhc3QxOjAxSk43VDJXNEcwWlpENFcwVFQ4OFpIVEZW/thank-you
ORD-20250301-158,1740797092-DNdkS2c78b2l,1740797092-DNdkS2c78b2l_1,2025-03-01 03:26:25.594000+00:00,2025-03-01,799.0,1,5da8c2ad066059e1,affiliate,referral,,Affiliate,https://checkout.puffy.com/checkouts/cn/Z2NwLXVzLXdlc3QxOjAxSk43VE5US0dGNDVNRkRRVlZORjNCN0VC/thank-you
ORD-20250308-125,1740797092-DNdkS2c78b2l,1740797092-DNdkS2c78b2l_4,2025-03-08 17:57:23.610000+00:00,2025-03-08,128.0,1,5da8c2ad066059e1,direct,none,,Direct,https://checkout.puffy.com/checkouts/cn/Z2NwLXVzLXdlc3QxOjAxSk5WRTNWU0dLTUpIQVFBMTlWRDUyRUtX/thank-you
ORD-20250301-510,1740797839-x5V7aMkz_UqO,1740797839-x5V7aMkz_UqO_1,2025-03-01 02:59:44.067000+00:00,2025-03-01,649.0,1,81231646814846a7,internal,internal,,Internal,https://checkout.puffy.com/checkouts/cn/Z2NwLXVzLXdlc3QxOjAxSk43VDhaUTUzTThTRDdIUlpDWk1QRzhE/thank-you
ORD-20250308-149,1740801512-jAnw7ma-E21F,1740801512-jAnw7ma-E21F_1,2025-03-08 03:58:02.192000+00:00,2025-03-08,1599.0,1,ab1095942df41009,direct,none,,Direct,https://checkout.puffy.com/checkouts/cn/Z2NwLXVzLWVhc3QxOjAxSk5TV1RSSEYyN0tWV0c0SjQ4NDBEQjY1/thank-you
ORD-20250301-350,1740803155-daNFsOIYXY1c,1740803155-daNFsOIYXY1c_1,2025-03-01 04:40:28.595000+00:00,2025-03-01,799.0,1,03854f922bf0f587,direct,none,,Direct,https://checkout.puffy.com/checkouts/cn/Z2NwLXVzLWVhc3QxOjAxSk43WlBBTllNMFY1V0gyRFhBWk0wNlJB/thank-you
ORD-20250301-180,1740804330-s6eb6pejZKvW,1740804330-s6eb6pejZKvW_1,2025-03-01 04:55:16.400000+00:00,2025-03-01,799.0,1,27076941fcf3dc49,affiliate,referral,,Affiliate,https://checkout.puffy.com/checkouts/cn/Z2NwLXVzLXdlc3QxOjAxSk44MEVWVDgwOVY1WkhTMEU1U1EyS0sx/thank-you
ORD-20250301-199,1740804949-19zg4HxHs8nJ,1740804949-19zg4HxHs8nJ_1,2025-03-01 05:07:55.099000+00:00,2025-03-01,262.0,1,65f4697d072f7e7d,direct,none,,Direct,https://checkout.puffy.com/checkouts/cn/Z2NwLXVzLXdlc3QxOjAxSk44MUZXNUtNUENGOVA0VlFIVkVXSkU0/thank-you
ORD-20250301-394,1740810559-Q0alwUWa0jP4,1740810559-Q0alwUWa0jP4_1,2025-03-01 06:36:12.120000+00:00,2025-03-01,1399.0,1,76992d1df4110061,internal,internal,,Internal,https://checkout.puffy.com/checkouts/cn/Z2NwLXVzLXdlc3QxOjAxSk44Nk00NTNQUTNOMFlOQTNEVkhISFBO/thank-you
ORD-20250304-326,1740817250-9tRt33rj2hLw,1740817250-9tRt33rj2hLw_1,2025-03-04 03:18:37.344000+00:00,2025-03-04,128.0,1,6f9111fa2cc52e79,direct,none,,Direct,https://checkout.puffy.com/checkouts/cn/Z2NwLXVzLWVhc3QxOjAxSk5GSkRLTTdYRFJDOTVNUzFRV1lRQVND/thank-you
ORD-20250301-355,1740841019-Yww4CLkr1eCr,1740841019-Yww4CLkr1eCr_1,2025-03-01 15:05:43.742000+00:00,2025-03-01,1148.0,1,fe703f56c9870da8,direct,none,,Direct,https://checkout.puffy.com/checkouts/cn/Z2NwLXVzLWVhc3QxOjAxSk45M01KVERZQzhUMUdEN1BTOEU0QjVB/thank-you
ORD-20250301-789,1740841026-CiFeqwtPSQTx,1740841026-CiFeqwtPSQTx_1,2025-03-01 15:12:01.445000+00:00,2025-03-01,2599.0,1,6b2437320c69ce35,internal,internal,,Internal,https://checkout.puffy.com/checkouts/cn/Z2NwLXVzLWVhc3QxOjAxSk45M0czMlNWRFNaS0gwQzFWOVZERjJZ/thank-you
ORD-20250301-282,1740842643-CXc34OXFReMg,1740842643-CXc34OXFReMg_1,2025-03-01 15:30:42.336000+00:00,2025-03-01,262.0,1,3c37c5f04032013a,direct,none,,Direct,https://checkout.puffy.com/checkouts/cn/Z2NwLXVzLWVhc3QxOjAxSk45NFk1RFRHSE42V0paOUJWU0ZGQTVL/thank-you
ORD-20250301-292,1740846664-0S7NXvvMULZD,1740846664-0S7NXvvMULZD_1,2025-03-01 16:43:25.797000+00:00,2025-03-01,1099.0,1,8cb388d915cb2ca3,internal,internal,,Internal,https://checkout.puffy.com/checkouts/cn/Z2NwLXVzLWVhc3QxOjAxSk45OFo5UUU4Q0gxR1Y1M01HQVY2NFQ2/thank-you
ORD-20250301-293,1740849061-SeRQQbvJWtMv,1740849061-SeRQQbvJWtMv_1,2025-03-01 17:13:47.813000+00:00,2025-03-01,349.0,1,ec517804e418ffeb,direct,none,,Direct,https://checkout.puffy.com/checkouts/cn/Z2NwLXVzLWVhc3QxOjAxSk45QjJRVjBTN0JYM0cxRTU3VEdDTkRR/thank-you
ORD-20250301-725,1740849441-me24-pRj7pwU,1740849441-me24-pRj7pwU_2,2025-03-01 18:23:06.982000+00:00,2025-03-01,1449.0,1,4eafbfbcec511290,direct,none,,Direct,https://checkout.puffy.com/checkouts/cn/Z2NwLXVzLWVhc3QxOjAxSk45RVNOWTgxWjVENEFCV05DREVRWFkz/thank-you
ORD-20250308-252,1740866022-ASLBAmfQjb0l,1740866022-ASLBAmfQjb0l_3,2025-03-08 18:20:33.853000+00:00,2025-03-08,128.0,1,bbea9f8aaf9374a9,direct,none,,Direct,https://checkout.puffy.com/checkouts/cn/Z2NwLXVzLXdlc3QxOjAxSk5WRkg5Q0tYWjVNU0dKNTk0TTFHREow/thank-you
ORD-20250303-342,1740868620-nf27s-eC89nX,1740868620-nf27s-eC89nX_7,2025-03-03 20:30:33.046000+00:00,2025-03-03,262.0,1,ec6d218715209946,internal,internal,,Internal,https://checkout.puffy.com/checkouts/cn/Z2NwLXVzLWVhc3QxOjAxSk5FVjNYQ1FDQTNBMkFaQ1RKRFpIQlpT/thank-you
ORD-20250302-522,1740868875-rRI65Co-SnHM,1740868875-rRI65Co-SnHM_2,2025-03-02 03:49:03.855000+00:00,2025-03-02,1399.0,1,b2345966e7d95775,internal,internal,,Internal,https://checkout.puffy.com/checkouts/cn/Z2NwLXVzLWVhc3QxOjAxSk5BRkQ1M0pWWURBQkQxUkhDTk40OFhH/thank-you
ORD-20250305-142,1740869369-oFRfkFb-PgHf,1740869369-oFRfkFb-PgHf_3,2025-03-05 17:39:40.946000+00:00,2025-03-05,4910.0,6,56617f61d9d814d2,direct,none,,Direct,https://checkout.puffy.com/checkouts/cn/Z2NwLXVzLWVhc3QxOjAxSk5LTUpITkdUOFY3R0VYWkVTRlZETlRS/thank-you
ORD-20250301-178,1740872929-9Yd3GYLM_LSs,1740872929-9Yd3GYLM_LSs_1,2025-03-01 23:55:12.290000+00:00,2025-03-01,1399.0,1,ee2f14c9865cc4e0,direct,none,,Direct,https://checkout.puffy.com/checkouts/cn/Z2NwLXVzLWVhc3QxOjAxSk5BMVdUWFg5OFhGMTFYNFBKUUhLNkhF/thank-you
ORD-20250302-730,1740875297-1vOZyLWXeVat,1740875297-1vOZyLWXeVat_1,2025-03-02 00:42:26.863000+00:00,2025-03-02,1449.0,1,3df741f9b2b131c5,direct,none,,Direct,https://checkout.puffy.com/checkouts/cn/Z2NwLXVzLWVhc3QxOjAxSk5BNFBLRVdTQTdWSlFYR1RDNFkzNkI5/thank-you
ORD-20250302-486,1740882140-jCXPgRUmIHR5,1740882140-jCXPgRUmIHR5_1,2025-03-02 02:51:27.965000+00:00,2025-03-02,1449.0,1,f018b2d08080276f,affiliate,referral,,Affiliate,https://checkout.puffy.com/checkouts/cn/Z2NwLXVzLWVhc3QxOjAxSk5BQVNXU0NKMlQ1MzlLOE1WOVRGWUg0/thank-you
ORD-20250302-182,1740882309-xKVuZeG5uy6c,1740882309-xKVuZeG5uy6c_1,2025-03-02 02:37:01.725000+00:00,2025-03-02,204.0,1,5a50c7390127e6fb,internal,internal,,Internal,https://checkout.puffy.com/checkouts/cn/Z2NwLXVzLWVhc3QxOjAxSk5BQVNIUTUzN1paWUtUNjBCODhTMzRT/thank-you
ORD-20250302-517,1740882838-MO9uBNwKw_HK,1740882838-MO9uBNwKw_HK_1,2025-03-02 02:51:57.062000+00:00,2025-03-02,649.0,1,553b8a44339413c7,internal,internal,,Internal,https://checkout.puffy.com/checkouts/cn/Z2NwLXVzLWVhc3QxOjAxSk5BQldETjFBUFRNRDFZMFBHTThXRVRQ/thank-you
ORD-20250302-240,1740918610-N3ZpUfN2SBal,1740918610-N3ZpUfN2SBal_1,2025-03-02 23:10:51.947000+00:00,2025-03-02,1249.0,1,3eba1d753b8165f1,direct,none,,Direct,https://checkout.puffy.com/checkouts/cn/Z2NwLXVzLXdlc3QxOjAxSk5DSFZSNk1aTTI5MFZEOTNQVjNGMzlR/thank-you
ORD-20250304-364,1740921106-RPxSPp-y6NIP,1740921106-RPxSPp-y6NIP_3,2025-03-04 17:27:21.931000+00:00,2025-03-04,918.0,2,829df4b906183204,direct,none,,Direct,https://checkout.puffy.com/checkouts/cn/Z2NwLXVzLWVhc3QxOjAxSk5HVjhCVk1ERzlFUFA5NThDQVZSUFg4/thank-you
ORD-20250302-194,1740924448-bZJfo_EZYmFM,1740924448-bZJfo_EZYmFM_1,2025-03-02 14:20:01.688000+00:00,2025-03-02,1449.0,1,b66dcdbdfa77c734,affiliate,referral,,Affiliate,https://checkout.puffy.com/checkouts/cn/Z2NwLXVzLXdlc3QxOjAxSk5CSzBWMFJZQTZCRjQxTjE0U0tWUFhS/thank-you
ORD-20250302-213,1740925007-pQhHifN-MnGu,1740925007-pQhHifN-MnGu_1,2025-03-02 14:34:48.214000+00:00,2025-03-02,1249.0,1,534cc741f5507dda,direct,none,,Direct,https://checkout.puffy.com/checkouts/cn/Z2NwLXVzLWVhc3QxOjAxSk5CTTQwODBDS1o2UjIzMUZLQUFZSjJL/thank-you
ORD-20250302-389,1740928323-FPI0_fcHcyma,1740928323-FPI0_fcHcyma_1,2025-03-02 15:47:09.383000+00:00,2025-03-02,1149.0,1,61ac01c3dcd53caf,affiliate,referral,,Affiliate,https://checkout.puffy.com/checkouts/cn/Z2NwLXVzLWVhc3QxOjAxSk5CUU02TVY0OTVDSjhYVEhWU1RQOEta/thank-you
ORD-20250302-251,1740929298-MfI_92p5qzUw,1740929298-MfI_92p5qzUw_1,2025-03-02 15:32:22.419000+00:00,2025-03-02,999.0,1,80adcdafa029cca1,direct,none,,Direct,https://checkout.puffy.com/checkouts/cn/Z2NwLXVzLWVhc3QxOjAxSk5CUUs1QU1ERVFBWlkxTkpCSDdON1BO/thank-you
ORD-20250302-326,1740934344-KuRis4hTYMsg,1740934344-KuRis4hTYMsg_2,2025-03-02 17:29:36.474000+00:00,2025-03-02,1149.0,1,9c0510eadd491a37,direct,none,,Direct,https://checkout.puffy.com/checkouts/cn/Z2NwLXVzLWVhc3QxOjAxSk5CV0NHVkY4NDhWNFE2SzQ2VkFFMENE/thank-you
ORD-20250302-842,1740935518-twihe9vRzCjQ,1740935518-twihe9vRzCjQ_1,2025-03-02 17:16:15.323000+00:00,2025-03-02,2599.0,1,5e46f9a6350340e1,direct,none,,Direct,https://checkout.puffy.com/checkouts/cn/Z2NwLXVzLWVhc3QxOjAxSk5CWE5UMjdGWjUwVlFQNTlTVjZXWlc0/thank-you
ORD-20250302-358,1740937604-GKovm3Kpolcy,1740937604-GKovm3Kpolcy_2,2025-03-02 19:32:09.264000+00:00,2025-03-02,1249.0,1,aa9678521d66bd9e,internal,internal,,Internal,https://checkout.puffy.com/checkouts/cn/Z2NwLXVzLWVhc3QxOjAxSk5DNThBRTZCSkhQMjRGMjBKUVo0RFZE/thank-you
ORD-20250303-195,1740937758-fQVwhPc0-Igx,1740937758-fQVwhPc0-Igx_2,2025-03-03 02:29:10.587000+00:00,2025-03-03,1449.0,1,7fceab35cded8396,direct,none,,Direct,https://checkout.puffy.com/checkouts/cn/Z2NwLXVzLWVhc3QxOjAxSk5DWDE3MjFEQ0hBMkZQOU1QQUFaNEE2/thank-you
ORD-20250302-506,1740942809-rafoCIO0tpZt,1740942809-rafoCIO0tpZt_1,2025-03-02 20:03:23.445000+00:00,2025-03-02,1399.0,1,c9c55348f1963c9d,direct,none,,Direct,https://checkout.puffy.com/checkouts/cn/Z2NwLXVzLWVhc3QxOjAxSk5DNjk2N1k3UVdBNzZRU0FaNzlCMkdI/thank-you
ORD-20250302-211,1740944225-vxqRXkZlEgvC,1740944225-vxqRXkZlEgvC_1,2025-03-02 20:15:00.012000+00:00,2025-03-02,1249.0,1,e33190f19bb43954,direct,none,,Direct,https://checkout.puffy.com/checkouts/cn/Z2NwLXVzLWVhc3QxOjAxSk5DNllXTkExNlI4QjFDNUdHM1ZFRjhN/thank-you
ORD-20250302-363,1740945585-rX0cbU2A9KSw,1740945585-rX0cbU2A9KSw_1,2025-03-02 20:41:24.245000+00:00,2025-03-02,1727.0,2,b284288429a0242a,direct,none,,Direct,https://checkout.puffy.com/checkouts/cn/Z2NwLXVzLWVhc3QxOjAxSk5DODNZR1ZRTjBDR01LOEFOTlhUV1JF/thank-you
ORD-20250302-531,1740947035-fPtxAFIRLsWy,1740947035-fPtxAFIRLsWy_1,2025-03-02 20:27:09.304000+00:00,2025-03-02,2298.0,2,3f427bc60aebe451,internal,internal,,Internal,https://checkout.puffy.com/checkouts/cn/Z2NwLXVzLWVhc3QxOjAxSk5DOEZKR1M0V1ZCRUJEOTFNUVI0NFow/thank-you
ORD-20250302-910,1740947676-ga7nvhhEAswG,1740947676-ga7nvhhEAswG_1,2025-03-02 20:37:32.027000+00:00,2025-03-02,102.0,1,d4d3a552d6f34bff,direct,none,,Direct,https://checkout.puffy.com/checkouts/cn/Z2NwLXVzLWVhc3QxOjAxSk5DOTM5MU5ZVzdYOUNUU1JTN05IUUcz/thank-you
ORD-20250302-479,1740950883-QCjvpH5lLjIU,1740950883-QCjvpH5lLjIU_1,2025-03-02 21:37:56.813000+00:00,2025-03-02,2449.0,1,5b8fc61d74cacb85,affiliate,referral,,Affiliate,https://checkout.puffy.com/checkouts/cn/Z2NwLXVzLWVhc3QxOjAxSk5DQ0Q5MEYzN0tNVEdZSkZRQlo2SlQ0/thank-you
ORD-20250302-349,1740958672-z6YayaVcrSKv,1740958672-z6YayaVcrSKv_1,2025-03-02 23:47:03.932000+00:00,2025-03-02,128.0,1,5b8fc61d74cacb85,direct,none,,Direct,https://checkout.puffy.com/checkouts/cn/Z2NwLXVzLWVhc3QxOjAxSk5DS1hQUThFQkU4REQwMFhTQjlHRTNE/thank-you
ORD-20250303-491,1740960695-9YSJOqYpuNBg,1740960695-9YSJOqYpuNBg_1,2025-03-03 01:03:24.054000+00:00,2025-03-03,799.0,1,5979a7b59aeb6d32,affiliate,referral,,Affiliate,https://checkout.puffy.com/checkouts/do/a742e6e0e2548ca4a2a6b0c84d94d5aa/thank-you
ORD-20250304-990,1740968189-jtk0rnzzKGzn,1740968189-jtk0rnzzKGzn_2,2025-03-04 22:52:16.609000+00:00,2025-03-04,179.0,1,023b71207c9e81fa,direct,none,,Direct,https://checkout.puffy.com/checkouts/cn/Z2NwLXVzLWVhc3QxOjAxSk5ITk02OTNOVjNQVjNBMTlHMEYzSFg3/thank-you
ORD-20250303-280,1740968268--BbqYI1-XB-1,1740968268--BbqYI1-XB-1_2,2025-03-03 03:00:16.600000+00:00,2025-03-03,999.0,1,2ca5809a818aad44,affiliate,referral,,Affiliate,https://checkout.puffy.com/checkouts/cn/Z2NwLXVzLWVhc3QxOjAxSk5DV1YzODFRMlBOSlNHVlAzSEJCUkZG/thank-you
ORD-20250303-422,1740968483-tXd3WuqvPRUc,1740968483-tXd3WuqvPRUc_2,2025-03-03 11:35:57.642000+00:00,2025-03-03,262.0,1,75bbb29f49182b45,internal,internal,,Internal,https://checkout.puffy.com/checkouts/cn/Z2NwLXVzLWVhc3QxOjAxSk5EV0tYMkFSOVFIOUdES0szRFNUNDhO/thank-you
ORD-20250303-327,1740969251-ASd5nVTToRE5,1740969251-ASd5nVTToRE5_1,2025-03-03 03:16:21.362000+00:00,2025-03-03,649.0,1,d276f1f83b46a13c,internal,internal,,Internal,https://checkout.puffy.com/checkouts/cn/Z2NwLXVzLXdlc3QxOjAxSk5DWlQwNFBRTlc5Uk5FSEo3NlFRWVIx/thank-you
ORD-20250303-390,1740975218-VcVVYf2MdAG0,1740975218-VcVVYf2MdAG0_1,2025-03-03 04:17:06.583000+00:00,2025-03-03,0.0,1,e7857d0b42e4e961,direct,none,,Direct,https://checkout.puffy.com/checkouts/cn/Z2NwLXVzLWVhc3QxOjAxSk5EM0NOTUpIN1IzMFNYU1pLRjZFUDQ1/thank-you
ORD-20250303-436,1740977742-UEVdNBP3H0Kc,1740977742-UEVdNBP3H0Kc_1,2025-03-03 04:59:25.309000+00:00,2025-03-03,262.0,1,25d30c0a05dea758,direct,none,,Direct,https://checkout.puffy.com/checkouts/cn/Z2NwLXVzLXdlc3QxOjAxSk5ENVcxWjZaOUdKVFZUNERRRDNGQ1lS/thank-you
ORD-20250303-375,1741002185-WaQnnF0DAdu8,1741002185-WaQnnF0DAdu8_1,2025-03-03 11:48:22.308000+00:00,2025-03-03,179.0,1,92c0cf91367380fa,internal,internal,,Internal,https://checkout.puffy.com/checkouts/cn/Z2NwLXVzLWVhc3QxOjAxSk5EWDJUR1ZXRUZDVDQwRzJHMVZYWU5K/thank-you
ORD-20250303-483,1741007326-WnrlWM9-GVmn,1741007326-WnrlWM9-GVmn_1,2025-03-03 13:31:00.251000+00:00,2025-03-03,262.0,1,8a4f317df6fda7e1,direct,none,,Direct,https://checkout.puffy.com/checkouts/cn/Z2NwLXVzLWVhc3QxOjAxSk5FMjVHVjEzVllSUUNYVlpFTjlXTVZB/thank-you
ORD-20250303-360,1741011764-k3h5YzigIrpz,1741011764-k3h5YzigIrpz_2,2025-03-03 22:34:03.978000+00:00,2025-03-03,3348.0,2,bf4c6035c7fea20a,internal,internal,,Internal,https://checkout.puffy.com/checkouts/cn/Z2NwLXVzLWVhc3QxOjAxSk5GMUFSTktOSkE2VkFXRTBXVlE3Q1cx/thank-you
ORD-20250303-338,1741015606-qTHcgvPNC4fu,1741015606-qTHcgvPNC4fu_2,2025-03-03 16:55:26.880000+00:00,2025-03-03,1449.0,1,17a05681b1b89e31,direct,none,,Direct,https://checkout.puffy.com/checkouts/cn/Z2NwLXVzLWVhc3QxOjAxSk5FRVZDNUhURkhXSFc0WTVXWVoyTUEw/thank-you
ORD-20250303-104,1741021323-DdzrVOAJ-YCD,1741021323-DdzrVOAJ-YCD_1,2025-03-03 17:46:02.994000+00:00,2025-03-03,2599.0,1,06c6da9ef6af219f,internal,internal,,Internal,https://checkout.puffy.com/checkouts/cn/Z2NwLXVzLWVhc3QxOjAxSk5FSFAyTlJURllBMUpLVjIySEdKREM5/thank-you
ORD-20250303-797,1741021395-CFVOBs-1Q7Q3,1741021395-CFVOBs-1Q7Q3_1,2025-03-03 17:23:57.966000+00:00,2025-03-03,349.0,1,5d44ce403d7b08f8,direct,none,,Direct,https://checkout.puffy.com/checkouts/cn/Z2NwLXVzLXdlc3QxOjAxSk5FRlNDWjMzU042WFhEUE5LTkhDTlZF/thank-you
ORD-20250303-149,1741023625-NiG7nk5P6sR_,1741023625-NiG7nk5P6sR__1,2025-03-03 17:45:57.924000+00:00,2025-03-03,2076.0,4,c59bf41375766887,internal,internal,,Internal,https://checkout.puffy.com/checkouts/cn/Z2NwLXVzLXdlc3QxOjAxSk5FSEg5NEo5MVQ5TVZFM1lWVlFIMEg3/thank-you
ORD-20250303-151,1741026970-0uhbiYvphbc9,1741026970-0uhbiYvphbc9_1,2025-03-03 19:00:21.648000+00:00,2025-03-03,1249.0,1,503e1bce1540ecfb,direct,none,,Direct,https://checkout.puffy.com/checkouts/cn/Z2NwLXVzLWVhc3QxOjAxSk5FTkpaQVdRMzNHS1hGMU05NjhCWEVR/thank-you
ORD-20250305-647,1741027693-ESt426Z1STgk,1741027693-ESt426Z1STgk_1,2025-03-05 19:33:55.403000+00:00,2025-03-05,202.0,1,67e98aa20d20fb30,direct,none,,Direct,https://checkout.puffy.com/checkouts/cn/Z2NwLXVzLWVhc3QxOjAxSk5LV1BGOVc5ME5RTUNWNzROUjROVDlE/thank-you
ORD-20250303-171,1741028036-4pDGPo-tgOOl,1741028036-4pDGPo-tgOOl_2,2025-03-03 23:02:21.905000+00:00,2025-03-03,261.8,1,8d8a4d674b533777,affiliate,referral,,Affiliate,https://checkout.puffy.com/checkouts/do/eeabaf44222ac3e8bf5960eefef0c47e/thank-you
ORD-20250303-117,1741036142-T6Rgx0sI405n,1741036142-T6Rgx0sI405n_1,2025-03-03 21:12:34.614000+00:00,2025-03-03,262.0,1,fe1d950f9c77c75a,direct,none,,Direct,https://checkout.puffy.com/checkouts/cn/Z2NwLXVzLWVhc3QxOjAxSk5FWEdXNzdGVjROMFdaMTFRRVdNSzA5/thank-you
ORD-20250304-465,1741039860-g1G5gJM2lnLd,1741039860-g1G5gJM2lnLd_2,2025-03-04 03:36:38.664000+00:00,2025-03-04,262.0,1,80f63262490ce21b,direct,none,,Direct,https://checkout.puffy.com/checkouts/cn/Z2NwLXVzLWVhc3QxOjAxSk5GSzhCNTJBM0c3WDVONUFKNlNHUjI4/thank-you
ORD-20250304-352,1741048270-ftQrOu0ixtUu,1741048270-ftQrOu0ixtUu_1,2025-03-04 01:17:29.087000+00:00,2025-03-04,245.0,1,5f5db9891dff6bea,direct,none,,Direct,https://checkout.puffy.com/checkouts/cn/Z2NwLXVzLWVhc3QxOjAxSk5GQkJHQkNQNjg1RjBaMjhSWU1IMTJY/thank-you
ORD-20250304-383,1741052190-FG3JWmbHQ2Wf,1741052190-FG3JWmbHQ2Wf_3,2025-03-04 03:27:51.672000+00:00,2025-03-04,808.0,4,30cffef103f572b1,direct,none,,Direct,https://checkout.puffy.com/checkouts/cn/Z2NwLXVzLWVhc3QxOjAxSk5GRzE4SjJKOVFONTcwUDc2TVRXTjVC/thank-you
ORD-20250304-213,1741053455-_cbIX7zsS0ah,1741053455-_cbIX7zsS0ah_1,2025-03-04 02:08:16.872000+00:00,2025-03-04,245.0,1,d01e5354ae883fdf,direct,none,,Direct,https://checkout.puffy.com/checkouts/cn/Z2NwLXVzLWVhc3QxOjAxSk5GRTJBMzkzTlFKWFNQVFNUOTBNSFdN/thank-you
ORD-20250304-372,1741061583-1xJY-QaHEHbk,1741061583-1xJY-QaHEHbk_1,2025-03-04 04:24:07.745000+00:00,2025-03-04,999.0,1,6744c018eb02434a,direct,none,,Direct,https://checkout.puffy.com/checkouts/cn/Z2NwLXVzLWVhc3QxOjAxSk5GUDRTWTJCTk1DNDhRNTdYRlJLWFEz/thank-you
ORD-20250304-130,1741066792-Bn_qfFAN35KC,1741066792-Bn_qfFAN35KC_2,2025-03-04 18:39:51.296000+00:00,2025-03-04,1049.0,1,f17e30e5d644fed9,direct,none,,Direct,https://checkout.puffy.com/checkouts/cn/Z2NwLXVzLWVhc3QxOjAxSk5INk42RzRXSDlYTUdGOVNERkQwUksx/thank-you
ORD-20250304-605,1741089096-oYY-NoWDUo5k,1741089096-oYY-NoWDUo5k_1,2025-03-04 11:55:44.673000+00:00,2025-03-04,0.0,1,247fd8fc4574d571,direct,none,,Direct,https://checkout.puffy.com/checkouts/cn/Z2NwLXVzLWVhc3QxOjAxSk5HRzBINkc5UkFYNzFNNDUxV0dZMjVK/thank-you
ORD-20250305-172,1741093942-1TGUKFxFShvW,1741093942-1TGUKFxFShvW_2,2025-03-05 04:10:34.853000+00:00,2025-03-05,1449.0,1,622896c48481e70a,direct,none,,Direct,https://checkout.puffy.com/checkouts/cn/Z2NwLXVzLWVhc3QxOjAxSk5KMlQ0NjlWRlM0NEI0VDgxUDNKVFZR/thank-you
ORD-20250304-138,1741095311-qcE4o8mpkeyg,1741095311-qcE4o8mpkeyg_1,2025-03-04 13:51:47.888000+00:00,2025-03-04,65.0,1,d26a426f4e506329,direct,none,,Direct,https://checkout.puffy.com/checkouts/do/89aed078047af0963c1b7f9f62d514c1/thank-you
ORD-20250305-130,1741098656-VLN0zX3eoYUF,1741098656-VLN0zX3eoYUF_4,2025-03-05 02:18:30.876000+00:00,2025-03-05,874.0,1,51e5e43bbcffe32e,direct,none,,Direct,https://checkout.puffy.com/checkouts/cn/Z2NwLXVzLWVhc3QxOjAxSk5IWFhaRFlYU1NORjBNRVdQQlBNUEE2/thank-you
ORD-20250304-382,1741100448-jZtoX5zjpJ4k,1741100448-jZtoX5zjpJ4k_1,2025-03-04 15:07:48.856000+00:00,2025-03-04,1349.0,1,bb78c51879206664,direct,none,,Direct,https://checkout.puffy.com/checkouts/cn/Z2NwLXVzLWVhc3QxOjAxSk5HVFpIQkZUWjM2S1RWUE5XREVYUFZN/thank-you
ORD-20250304-851,1741110732-V-6qnYah0LWf,1741110732-V-6qnYah0LWf_1,2025-03-04 17:54:26.173000+00:00,2025-03-04,1528.0,2,5b907ceb1489d376,direct,none,,Direct,https://checkout.puffy.com/checkouts/cn/Z2NwLXVzLXdlc3QxOjAxSk5INE4zNDBWRDFSVlFDMDJQRTVBRlNX/thank-you
ORD-20250304-267,1741116115-OtP4h3ixNdPg,1741116115-OtP4h3ixNdPg_1,2025-03-04 19:39:03.504000+00:00,2025-03-04,262.0,1,fe09b4694a38491a,direct,none,,Direct,https://checkout.puffy.com/checkouts/cn/Z2NwLXVzLWVhc3QxOjAxSk5IQTBHSFhURkdXRTkxOUYxV1lHVEVa/thank-you
ORD-20250304-387,1741120370-LuC9HR53iysG,1741120370-LuC9HR53iysG_2,2025-03-04 22:41:28.753000+00:00,2025-03-04,130.0,3,9717c2ca002867ab,direct,none,,Direct,https://checkout.puffy.com/checkouts/do/5b6ba144f7abe93ad5715e82704aea97/thank-you
ORD-20250304-973,1741123944-uKQCA6-W8V9j,1741123944-uKQCA6-W8V9j_1,2025-03-04 21:35:55.792000+00:00,2025-03-04,128.0,1,5724ef47297bba6f,direct,none,,Direct,https://checkout.puffy.com/checkouts/cn/Z2NwLXVzLWVhc3QxOjAxSk5ISDlZMUQ2QlAxMUc5SjNTWVk5R0c4/thank-you
ORD-20250305-352,1741139343-TpdzsNTfdkgE,1741139343-TpdzsNTfdkgE_1,2025-03-05 02:16:22.442000+00:00,2025-03-05,3348.0,2,2782574ae103e38a,direct,none,,Direct,https://checkout.puffy.com/checkouts/cn/Z2NwLXVzLWVhc3QxOjAxSk5KMDQ3SEpGVk4zUUhCUDJWQTdXTjJZ/thank-you
ORD-20250305-129,1741141222-ofGa31U-mjqX,1741141222-ofGa31U-mjqX_1,2025-03-05 02:21:57.616000+00:00,2025-03-05,2618.0,2,2223db52cdaf79da,direct,none,,Direct,https://checkout.puffy.com/checkouts/cn/Z2NwLXVzLXdlc3QxOjAxSk5KMVAzNkpDSEdHS1k4UjhTMzhaSkJZ/thank-you
ORD-20250305-147,1741152868-HqKllnKCd7M7,1741152868-HqKllnKCd7M7_1,2025-03-05 05:43:33.275000+00:00,2025-03-05,1349.0,1,368a09c7d0a9b5e6,direct,none,,Direct,https://checkout.puffy.com/checkouts/cn/Z2NwLXVzLXdlc3QxOjAxSk5KQ1gzRTZUV1g0MDhRRVlEMUpaTU1S/thank-you
ORD-20250305-268,1741181676-YWfBbl50F3bT,1741181676-YWfBbl50F3bT_1,2025-03-05 13:57:32.221000+00:00,2025-03-05,262.0,1,c0ed8df1e60f86d1,direct,none,,Direct,https://checkout.puffy.com/checkouts/cn/Z2NwLXVzLWVhc3QxOjAxSk5LODlDVjlZUVQwSzlWSjA4V1hIMzdW/thank-you
ORD-20250305-313,1741183127-k28N_HAOC7tf,1741183127-k28N_HAOC7tf_1,2025-03-05 14:11:48.273000+00:00,2025-03-05,228.0,1,2fd00b1a3122f387,direct,none,,Direct,https://checkout.puffy.com/checkouts/cn/Z2NwLXVzLWVhc3QxOjAxSk5LQTVFRTVWWkM1NUJLMlZCMktBUVNN/thank-you
ORD-20250308-371,1741184510-TPWYDMdeSjxm,1741184510-TPWYDMdeSjxm_1,2025-03-08 11:34:03.289000+00:00,2025-03-08,1099.0,1,01a39bb9d856e4f9,direct,none,,Direct,https://checkout.puffy.com/checkouts/cn/Z2NwLXVzLWVhc3QxOjAxSk5UUkMxVjA0Nzk3MUE1RzlLQUEwUVdR/thank-you
ORD-20250305-237,1741185478-HelJCsywi7PW,1741185478-HelJCsywi7PW_1,2025-03-05 14:40:28.647000+00:00,2025-03-05,245.0,1,4d39e6d7bed88a89,direct,none,,Direct,https://checkout.puffy.com/checkouts/cn/Z2NwLXVzLWVhc3QxOjAxSk5LQldHR0JDR1o2UkIwWjJWTk1GTU5L/thank-you
ORD-20250305-435,1741186814-OMjdBQs4EHsx,1741186814-OMjdBQs4EHsx_1,2025-03-05 15:04:26.292000+00:00,2025-03-05,262.0,1,c01fb6a55c15f231,direct,none,,Direct,https://checkout.puffy.com/checkouts/cn/Z2NwLXVzLWVhc3QxOjAxSk5LREFUWkc5QVY2M1Y3R0gwWFJBRFIw/thank-you
ORD-20250305-951,1741187503-DP7D2DIdHpK3,1741187503-DP7D2DIdHpK3_1,2025-03-05 15:46:16.659000+00:00,2025-03-05,262.0,1,fdb37f164a22476e,direct,none,,Direct,https://checkout.puffy.com/checkouts/cn/Z2NwLXVzLWVhc3QxOjAxSk5LRkgySjgzWVo5MFBYMDNZUkRTMTVN/thank-you
ORD-20250306-163,1741194148-XQxu9ZtU5lDA,1741194148-XQxu9ZtU5lDA_1,2025-03-06 00:47:17.517000+00:00,2025-03-06,2299.0,1,bbb2ed07b2c99ab2,direct,none,,Direct,https://checkout.puffy.com/checkouts/cn/Z2NwLXVzLXdlc3QxOjAxSk5NRTY0N0FKODZBTUNCVDVWMVRHRjE4/thank-you
ORD-20250305-208,1741197755-usppw7h40ArJ,1741197755-usppw7h40ArJ_2,2025-03-05 22:55:44.698000+00:00,2025-03-05,128.0,1,0468ae68f6c572bb,direct,none,,Direct,https://checkout.puffy.com/checkouts/cn/Z2NwLXVzLXdlc3QxOjAxSk5NODMySjNCSEhXVFhYV0VNRDY0NEdI/thank-you
ORD-20250305-165,1741203820-TXa9VJ0OBvqk,1741203820-TXa9VJ0OBvqk_1,2025-03-05 19:53:00.336000+00:00,2025-03-05,899.0,1,ad7d9a4fceb27eb2,direct,none,,Direct,https://checkout.puffy.com/checkouts/cn/Z2NwLXVzLWVhc3QxOjAxSk5LWFQwTkY0WE5BTkRIQjdYQUI2WVJY/thank-you
ORD-20250305-336,1741204237-HW1IJ7mYazh8,1741204237-HW1IJ7mYazh8_1,2025-03-05 20:05:41.470000+00:00,2025-03-05,799.0,1,a35dbe348abd9662,direct,none,,Direct,https://checkout.puffy.com/checkouts/cn/Z2NwLXVzLWVhc3QxOjAxSk5LWUUxME1BUDRQOVA0UkhSQlRONUZQ/thank-you
ORD-20250305-193,1741208600-lCDvZ1WxqfAX,1741208600-lCDvZ1WxqfAX_1,2025-03-05 21:09:52.062000+00:00,2025-03-05,178.0,1,b56707a380432fe0,direct,none,,Direct,https://checkout.puffy.com/checkouts/cn/Z2NwLXVzLWVhc3QxOjAxSk5NMjFWQ05OVEVRNko5N1c1ODFZSEVC/thank-you
ORD-20250305-146,1741213600-JDpen8tTcE-t,1741213600-JDpen8tTcE-t_1,2025-03-05 22:46:06.728000+00:00,2025-03-05,1049.0,1,73874733fb568744,direct,none,,Direct,https://checkout.puffy.com/checkouts/cn/Z2NwLXVzLWVhc3QxOjAxSk5NN0JON0RDOTFOMThLNTlEQ0ZKNjZa/thank-you
ORD-20250306-671,1741216775-PaVP4vM7pnGW,1741216775-PaVP4vM7pnGW_1,2025-03-06 00:49:44.807000+00:00,2025-03-06,2051.0,4,6a0c5c3f616d646e,direct,none,,Direct,https://checkout.puffy.com/checkouts/cn/Z2NwLXVzLWVhc3QxOjAxSk5NQ1Q3TVNOVkE4NlkzOUZFOVQxNkdL/thank-you
ORD-20250306-270,1741224557-GKuOSLBC2P1Q,1741224557-GKuOSLBC2P1Q_1,2025-03-06 01:37:13.269000+00:00,2025-03-06,1727.0,2,da8e47fdd7ecf6c9,direct,none,,Direct,https://checkout.puffy.com/checkouts/cn/Z2NwLXVzLWVhc3QxOjAxSk5NSDZFSzJHUUo0MVRHTVFLM0hBUkZS/thank-you
ORD-20250306-218,1741228930-suvZayBKZIRW,1741228930-suvZayBKZIRW_1,2025-03-06 03:02:14.997000+00:00,2025-03-06,1549.0,1,92c51895d69125c2,direct,none,,Direct,https://checkout.puffy.com/checkouts/cn/Z2NwLXVzLWVhc3QxOjAxSk5NTktWRVFaUTVQUloyMTdQNzgwNTVN/thank-you
ORD-20250306-735,1741230403-QWnkOshzxJdZ,1741230403-QWnkOshzxJdZ_1,2025-03-06 03:19:27.450000+00:00,2025-03-06,649.0,1,dabc00520719e6fd,direct,none,,Direct,https://checkout.puffy.com/checkouts/cn/Z2NwLXVzLWVhc3QxOjAxSk5NUThNREcxRFZaMDQzVDQwSktYTk5L/thank-you
ORD-20250306-326,1741237076-LvugJ5SOd1_S,1741237076-LvugJ5SOd1_S_2,2025-03-06 14:15:39.996000+00:00,2025-03-06,1599.0,1,234af53f12f0db31,direct,none,,Direct,https://checkout.puffy.com/checkouts/cn/Z2NwLXVzLWVhc3QxOjAxSk5NWDRNVFdLNzdKUVYyUFBCVlhBV01B/thank-you
ORD-20250306-251,1741246567-x58ev1ceMQqh,1741246567-x58ev1ceMQqh_1,2025-03-06 07:40:56.033000+00:00,2025-03-06,799.0,1,48b04bb7fdd2663b,direct,none,,Direct,https://checkout.puffy.com/checkouts/cn/Z2NwLXVzLWVhc3QxOjAxSk5ONjVaWUNBN0hBUTY2RzFGNzlEOFJQ/thank-you
ORD-20250306-996,1741248417-Y6KRam-ZfZvN,1741248417-Y6KRam-ZfZvN_1,2025-03-06 08:08:22.105000+00:00,2025-03-06,228.0,1,8d3325023852b857,direct,none,,Direct,https://checkout.puffy.com/checkouts/cn/Z2NwLXVzLXdlc3QxOjAxSk5ON1hXQ1I3TktLQ0JOOEFXSDdRRDVF/thank-you
ORD-20250306-329,1741253258-H4cPyYPdJcCb,1741253258-H4cPyYPdJcCb_1,2025-03-06 09:31:47.212000+00:00,2025-03-06,102.0,1,f890062f4d59c37f,direct,none,,Direct,https://checkout.puffy.com/checkouts/cn/Z2NwLXVzLWVhc3QxOjAxSk5OQ01RQjRONjNHTTBNOFhGOE1CTlND/thank-you
ORD-20250306-181,1741263345-xa2PpS99CULk,1741263345-xa2PpS99CULk_1,2025-03-06 12:21:25.328000+00:00,2025-03-06,1549.0,1,ed645ca1547bc3c2,direct,none,,Direct,https://checkout.puffy.com/checkouts/cn/Z2NwLXVzLWVhc3QxOjAxSk5OUDZZS1AzRVNYOEVUQVJKR1M0WjlD/thank-you
ORD-20250306-285,1741267698-zbcYEzDSLEir,1741267698-zbcYEzDSLEir_1,2025-03-06 13:36:53.293000+00:00,2025-03-06,899.0,1,bf1cdb554662ae61,direct,none,,Direct,https://checkout.puffy.com/checkouts/cn/Z2NwLXVzLWVhc3QxOjAxSk5OVEtUUktRQ01YMDZNTlBXOFhaUDlW/thank-you
ORD-20250306-408,1741275672-IviYDxtrnbV0,1741275672-IviYDxtrnbV0_1,2025-03-06 15:46:06.311000+00:00,2025-03-06,320.0,2,b81583facdc7cbff,direct,none,,Direct,https://checkout.puffy.com/checkouts/cn/Z2NwLXVzLWVhc3QxOjAxSk5QMVhWUzBLQ0ZFRUFLU1E2Q0JISkhL/thank-you
ORD-20250306-561,1741281290-5LSPljVJZT0E,1741281290-5LSPljVJZT0E_1,2025-03-06 17:24:25.067000+00:00,2025-03-06,999.0,1,49f65bfc3996e7f1,direct,none,,Direct,https://checkout.puffy.com/checkouts/cn/Z2NwLXVzLXdlc3QxOjAxSk5QN0NaMlpWMk4wRE1KMUpRNEtORjZD/thank-you
ORD-20250306-381,1741281950-CwModd5jD8mp,1741281950-CwModd5jD8mp_1,2025-03-06 18:23:03.914000+00:00,2025-03-06,1019.0,1,7ec6bf06d72fd5dc,direct,none,,Direct,https://checkout.puffy.com/checkouts/cn/Z2NwLXVzLXdlc3QxOjAxSk5QQThHRDIzN0FOTVBKNlE0MVEwTlQz/thank-you
ORD-20250306-512,1741285459-G5ArR9CjhHMz,1741285459-G5ArR9CjhHMz_1,2025-03-06 19:00:46.420000+00:00,2025-03-06,799.0,1,36425ea167d45bf8,direct,none,,Direct,https://checkout.puffy.com/checkouts/cn/Z2NwLXVzLWVhc3QxOjAxSk5QQ1pYODQ2WU04MENIVEZZTUMwVkU1/thank-you
ORD-20250306-364,1741287077-2Fu4tAoHh7vn,1741287077-2Fu4tAoHh7vn_1,2025-03-06 20:14:27.762000+00:00,2025-03-06,245.0,1,d4f1508e90c49adc,direct,none,,Direct,https://checkout.puffy.com/checkouts/cn/Z2NwLXVzLWVhc3QxOjAxSk5QQ1NYV1ZHNlo1MERCUFYwMVk0SlM0/thank-you
ORD-20250306-188,1741293602-WWLxSLTsYbB9,1741293602-WWLxSLTsYbB9_1,2025-03-06 20:51:01.508000+00:00,2025-03-06,1199.0,1,be09718889bcdbc0,direct,none,,Direct,https://checkout.puffy.com/checkouts/cn/Z2NwLXVzLWVhc3QxOjAxSk5QS0VSUVBIWlE2RjFRNlc2VlJSUDhW/thank-you
ORD-20250307-233,1741308098-voN7BK-cYxUu,1741308098-voN7BK-cYxUu_1,2025-03-07 00:50:06.448000+00:00,2025-03-07,211.0,1,0003ebd2fa1eac45,direct,none,,Direct,https://checkout.puffy.com/checkouts/cn/Z2NwLXVzLWVhc3QxOjAxSk5RMTVXWjEzTUhGRlowWVJQUEpWRENQ/thank-you
ORD-20250307-652,1741310460-LmsQ1pcrFFgF,1741310460-LmsQ1pcrFFgF_1,2025-03-07 01:35:42.532000+00:00,2025-03-07,1449.0,1,757f1bb09d6b2b68,direct,none,,Direct,https://checkout.puffy.com/checkouts/cn/Z2NwLXVzLWVhc3QxOjAxSk5RMzhaSDVEV0dFMFZHM1NTVDhXNTEy/thank-you
ORD-20250307-196,1741310594-KP5CQHYOhh2b,1741310594-KP5CQHYOhh2b_1,2025-03-07 01:51:08.312000+00:00,2025-03-07,262.0,1,587b25eac5d48a23,direct,none,,Direct,https://checkout.puffy.com/checkouts/cn/Z2NwLXVzLWVhc3QxOjAxSk5RNEU2VlQzUldRUEZLNFZXVjY0MFlO/thank-you
ORD-20250307-237,1741311251-lOK-zPwXThG7,1741311251-lOK-zPwXThG7_1,2025-03-07 02:01:24.600000+00:00,2025-03-07,799.0,1,42a3def5ac987d07,direct,none,,Direct,https://checkout.puffy.com/checkouts/cn/Z2NwLXVzLXdlc3QxOjAxSk5RM1Y4VkhFNUVSQ01GMDBUNzE1QlEw/thank-you
ORD-20250308-450,1741313717-XoA7tCkAvrQ-,1741313717-XoA7tCkAvrQ-_5,2025-03-08 18:28:05.103000+00:00,2025-03-08,1249.0,1,651be1bdd1751394,direct,none,,Direct,https://checkout.puffy.com/checkouts/cn/Z2NwLXVzLWVhc3QxOjAxSk5WRzBZSzJDVFA2NFNCODhBRThZMVpK/thank-you
ORD-20250307-354,1741325373-_iNjR3SxkjMW,1741325373-_iNjR3SxkjMW_1,2025-03-07 05:35:50.023000+00:00,2025-03-07,179.0,1,d518e5ab08c44345,direct,none,,Direct,https://checkout.puffy.com/checkouts/cn/Z2NwLXVzLWVhc3QxOjAxSk5RSEpLUTVNUlhTQjY5NjRLOVQyUEtF/thank-you
ORD-20250307-552,1741355127-rrhPsi0UhsYf,1741355127-rrhPsi0UhsYf_1,2025-03-07 13:54:28.371000+00:00,2025-03-07,1599.0,1,9b65341108a2e304,direct,none,,Direct,https://checkout.puffy.com/checkouts/cn/Z2NwLXVzLWVhc3QxOjAxSk5SRFJLOUZEU0NaRVFLSFEwUjg0MVFE/thank-you
ORD-20250307-330,1741367210-WCslZF4AF2Eq,1741367210-WCslZF4AF2Eq_1,2025-03-07 17:44:06.956000+00:00,2025-03-07,1599.0,1,45802b79bb19244e,direct,none,,Direct,https://checkout.puffy.com/checkouts/cn/Z2NwLXVzLWVhc3QxOjAxSk5SVjNLRFE1SjdFSjc0UFhUSFpCOVk5/thank-you
ORD-20250307-229,1741367456-uz2V75aLolvU,1741367456-uz2V75aLolvU_2,2025-03-07 19:36:08.904000+00:00,2025-03-07,262.0,1,042b4c768a290b15,direct,none,,Direct,https://checkout.puffy.com/checkouts/cn/Z2NwLXVzLWVhc3QxOjAxSk5SU0YwRzgwREdZNTBRNzlLQlRZN0M1/thank-you
ORD-20250307-057,1741368422-QP9oLKX9sIXr,1741368422-QP9oLKX9sIXr_1,2025-03-07 17:31:27.015000+00:00,2025-03-07,128.0,1,86a47e13890599bb,direct,none,,Direct,https://checkout.puffy.com/checkouts/cn/Z2NwLXVzLWVhc3QxOjAxSk5SVEJDR1NRNjg0SjJUWURTN0cyQVo3/thank-you
ORD-20250307-592,1741368807-cwG4UXzYpKRX,1741368807-cwG4UXzYpKRX_1,2025-03-07 17:39:57.030000+00:00,2025-03-07,262.0,1,61e688f29cbd3eb6,direct,none,,Direct,https://checkout.puffy.com/checkouts/cn/Z2NwLXVzLWVhc3QxOjAxSk5SVjA3MDRSMkpLSDU2UjdGNEg3QlRY/thank-you
ORD-20250307-307,1741376842-9XG7w3-mM2Q0,1741376842-9XG7w3-mM2Q0_1,2025-03-07 19:55:50.151000+00:00,2025-03-07,799.0,1,d09efc91ae5baeda,direct,none,,Direct,https://checkout.puffy.com/checkouts/cn/Z2NwLXVzLWVhc3QxOjAxSk5TMks2R1ZKQzVEUzdEMlRIVkU1Qksz/thank-you
ORD-20250307-380,1741377564-vA50-KV3HByf,1741377564-vA50-KV3HByf_1,2025-03-07 20:07:26.083000+00:00,2025-03-07,2249.0,1,1136dfcadc72e07d,direct,none,,Direct,https://checkout.puffy.com/checkouts/cn/Z2NwLXVzLXdlc3QxOjAxSk5TMzdCNk5NN1RORTFDRzBLUDhSQTRD/thank-you
ORD-20250307-319,1741387821-nJRBsF1KnQqU,1741387821-nJRBsF1KnQqU_2,2025-03-07 23:44:26.113000+00:00,2025-03-07,3624.0,1,71cddb995b40f4a7,direct,none,,Direct,https://checkout.puffy.com/checkouts/cn/Z2NwLXVzLWVhc3QxOjAxSk5TRDgyMDlRMVlBNjQ4UlZWVkVGV1BD/thank-you
ORD-20250308-323,1741392082-sVV7LZIyabRK,1741392082-sVV7LZIyabRK_1,2025-03-08 00:08:02.442000+00:00,2025-03-08,102.0,1,5e71a2a54ca3b1ac,direct,none,,Direct,https://checkout.puffy.com/checkouts/cn/Z2NwLXVzLWVhc3QxOjAxSk5TSDI1UDFKR005WFowOTFZUkZHWVNI/thank-you
ORD-20250308-486,1741418003-ceRfMXA_Ram6,1741418003-ceRfMXA_Ram6_1,2025-03-08 07:17:01.920000+00:00,2025-03-08,548.0,3,b750ced34cabfc0e,direct,none,,Direct,https://checkout.puffy.com/checkouts/cn/Z2NwLXVzLXdlc3QxOjAxSk5UOU1ER1dYUkFSS0o2MVA5RzNBRE5T/thank-you
ORD-20250308-219,1741435301-zNy_7FZ_r84B,1741435301-zNy_7FZ_r84B_1,2025-03-08 12:08:49.648000+00:00,2025-03-08,999.0,1,291cfa065a15ff7c,direct,none,,Direct,https://checkout.puffy.com/checkouts/cn/Z2NwLXVzLWVhc3QxOjAxSk5UVDZQWjlGRURCRjRRR1lCODAyN0Y1/thank-you
ORD-20250308-208,1741438403-Q6-Ercm31b9z,1741438403-Q6-Ercm31b9z_1,2025-03-08 13:10:41.805000+00:00,2025-03-08,1349.0,1,1054d226f3047bed,direct,none,,Direct,https://checkout.puffy.com/checkouts/cn/Z2NwLXVzLWVhc3QxOjAxSk5UWDUxQTBSUEYyMU1QUVlLRlA4TUNZ/thank-you
ORD-20250308-244,1741441969-dKIxbmYzHODr,1741441969-dKIxbmYzHODr_1,2025-03-08 14:02:46.046000+00:00,2025-03-08,211.0,1,628b8ccda4d65374,direct,none,,Direct,https://checkout.puffy.com/checkouts/cn/Z2NwLXVzLWVhc3QxOjAxSk5WMEdDMlcxUVkzSkFaQ0hIUlhEUTEx/thank-you
ORD-20250308-402,1741454243-yr3GTRrmVmE1,1741454243-yr3GTRrmVmE1_1,2025-03-08 17:21:03.235000+00:00,2025-03-08,999.0,1,05573c002d6928d9,direct,none,,Direct,https://checkout.puffy.com/checkouts/cn/Z2NwLXVzLWVhc3QxOjAxSk5WQzk2U0I2MFo0MFI5NTMxS1BLS0JF/thank-you
ORD-20250308-187,1741454510-4loTNj1AnjHM,1741454510-4loTNj1AnjHM_1,2025-03-08 17:32:19.290000+00:00,2025-03-08,698.0,1,e1daf763e024c11b,direct,none,,Direct,https://checkout.puffy.com/checkouts/cn/Z2NwLXVzLWVhc3QxOjAxSk5WQ1FEUTU1MzQ4UlBXWkM2REdIWEI3/thank-you
ORD-20250308-279,1741459212-7VigmERfpOHe,1741459212-7VigmERfpOHe_1,2025-03-08 19:30:13.073000+00:00,2025-03-08,2449.0,1,b43672299dc6004e,direct,none,,Direct,https://checkout.puffy.com/checkouts/cn/Z2NwLXVzLXdlc3QxOjAxSk5WS0NNRkNRREZSMEdRNVhZSFRGUVM1/thank-you
ORD-20250308-832,1741464828-PaJF0mvljpvm,1741464828-PaJF0mvljpvm_1,2025-03-08 20:20:16.892000+00:00,2025-03-08,1349.0,1,f1607d38ccebb1f5,direct,none,,Direct,https://checkout.puffy.com/checkouts/cn/Z2NwLXVzLWVhc3QxOjAxSk5WUEFaOUJXOFlEMktUWjMwODFBTkM1/thank-you
ORD-20250308-431,1741470471-eyllBy3aK2u8,1741470471-eyllBy3aK2u8_1,2025-03-08 21:53:00.354000+00:00,2025-03-08,2299.0,1,627169ca0dda885d,direct,none,,Direct,https://checkout.puffy.com/checkouts/cn/Z2NwLXVzLWVhc3QxOjAxSk5WVldZRTFNRzJENzY5QTY2OEhZOTVB/thank-you
ORD-20250308-273,1741476677-Mum3kubLr6NE,1741476677-Mum3kubLr6NE_1,2025-03-08 23:39:20.655000+00:00,2025-03-08,1535.0,2,d268f57372be73a3,direct,none,,Direct,https://checkout.puffy.com/checkouts/cn/Z2NwLXVzLWVhc3QxOjAxSk5XMU1RM1JNTk43WjdFWkFZNU5DTjUz/thank-you
ORD-20250308-957,80529520-9307-4360-b49b-c8934e49835a,80529520-9307-4360-b49b-c8934e49835a_1,2025-03-08 17:24:12.362000+00:00,2025-03-08,649.0,1,0dd05c338f3d2ee1,direct,none,,Direct,https://checkout.puffy.com/checkouts/do/8fbfe7eaec9e8dc1080b366257d2cfdd/thank-you
ORD-20250306-121,D2F161C8-9a60-478D-a108-9dbfaf4eaf19,D2F161C8-9a60-478D-a108-9dbfaf4eaf19_1,2025-03-06 18:03:26.107000+00:00,2025-03-06,799.0,1,94c65dad86a0656b,direct,none,,Direct,https://checkout.puffy.com/checkouts/cn/Z2NwLXVzLWVhc3QxOjAxSk5QM0c3WjU2V1FDUkJTMVNHMVhBVFZK/thank-you
ORD-20250301-407,F3AFD77B-87cf-4BBF-b084-011cedfc1da0,F3AFD77B-87cf-4BBF-b084-011cedfc1da0_1,2025-03-01 00:30:00.990000+00:00,2025-03-01,349.0,1,9eec8595df3d21f9,direct,none,,Direct,https://checkout.puffy.com/checkouts/do/0903712a8985ed48bb2b3ce95c2d56c1/thank-you
